Education,Gender,LoanAmount,Loan_ID,Loan_Status,Married,Self_Employed,Singleton,Small_Family,Large_Family,Total_Income,Debt_Income_Ratio,Very_Short_Term,Short_Term,Long_Term,Very_Long_Term,Credit_History_Bad,Credit_History_Good,Credit_History_Unknown,rural,semi_urban,urban
1,1.0,0.507959479015919,LP001002,1.0,0.0,0.0,0,0,0,0.05539354936021519,0.021472458193086505,0,0,0,1,0,1,0,0,0,1
1,1.0,0.17221418234442837,LP001003,0.0,1.0,0.0,1,0,0,0.058435355338243795,0.08174887802532457,0,0,0,1,0,1,0,1,0,0
1,1.0,0.0824891461649783,LP001005,1.0,1.0,1.0,0,0,0,0.01958319716433294,0.07764939019947835,0,0,0,1,0,1,0,0,0,1
0,1.0,0.16063675832127353,LP001006,1.0,1.0,0.0,0,0,0,0.04398049221951281,0.06941817598974194,0,0,0,1,0,1,0,0,0,1
1,1.0,0.191027496382055,LP001008,1.0,0.0,0.0,0,0,0,0.05729153573493552,0.07206896904509383,0,0,0,1,0,1,0,0,0,1
1,1.0,0.37337192474674386,LP001011,1.0,1.0,1.0,0,1,0,0.10270494482013122,0.05947186148745388,0,0,0,1,0,1,0,0,0,1
0,1.0,0.12445730824891461,LP001013,1.0,1.0,0.0,0,0,0,0.030254656979813468,0.0681502602475093,0,0,0,1,0,1,0,0,0,1
1,1.0,0.21562952243125905,LP001014,0.0,1.0,0.0,0,0,1,0.05150959048744312,0.0576630058776865,0,0,0,1,1,0,0,0,1,0
1,1.0,0.2301013024602026,LP001018,1.0,1.0,0.0,0,1,0,0.051409034917921516,0.05355711766995628,0,0,0,1,0,1,0,0,0,1
1,1.0,0.492040520984081,LP001020,0.0,1.0,0.0,1,0,0,0.2811408029362226,0.12143734003364547,0,0,0,1,0,1,0,0,1,0
1,1.0,0.08827785817655572,LP001024,1.0,1.0,0.0,0,1,0,0.03089569873551371,0.09738282233874476,0,0,0,1,0,1,0,0,0,1
1,1.0,0.1447178002894356,LP001027,1.0,1.0,0.0,0,1,0,0.03642625505920209,0.06680528372136796,0,0,0,1,0,1,0,0,0,1
1,1.0,0.276410998552822,LP001028,1.0,1.0,0.0,0,1,0,0.12238869755398576,0.09773040551370413,0,0,0,1,0,1,0,0,0,1
1,1.0,0.15195369030390737,LP001029,0.0,0.0,0.0,0,0,0,0.040863269564343,0.06940214778009296,0,0,0,1,0,1,0,1,0,0
1,1.0,0.011577424023154847,LP001030,1.0,1.0,0.0,0,1,0,0.01185298775735941,0.2600624157340448,0,1,0,0,0,1,0,0,0,1
1,1.0,0.1678726483357453,LP001032,1.0,0.0,0.0,0,0,0,0.04409361723522462,0.06638884436608432,0,0,0,1,0,1,0,0,0,1
0,1.0,0.1316931982633864,LP001034,1.0,0.0,0.0,1,0,0,0.02707458709369265,0.05938772239140889,0,0,1,0,0,0,1,0,0,1
1,0.0,0.09696092619392185,LP001036,0.0,0.0,0.0,0,0,0,0.02599361472133538,0.07905281716874331,0,0,0,1,1,0,0,0,0,1
0,1.0,0.17945007235890015,LP001038,0.0,1.0,0.0,0,0,0,0.04330174212524196,0.060896350509227065,0,0,0,1,0,1,0,1,0,0
1,1.0,0.15340086830680175,LP001041,1.0,1.0,0.0,0,0,0,0.05854848035395561,0.09224583092329457,0,0,0,0,0,1,0,0,0,1
0,1.0,0.13748191027496381,LP001043,0.0,1.0,0.0,0,0,0,0.07815681641066895,0.13188750662704826,0,0,0,1,1,0,0,0,0,1
1,1.0,0.44283646888567296,LP001046,1.0,1.0,0.0,1,0,0,0.1274290454762563,0.060930094108488084,0,0,0,1,0,1,0,0,0,1
0,1.0,0.1548480463096961,LP001047,0.0,1.0,0.0,0,0,0,0.03857563035772644,0.06501926148642301,0,0,0,1,1,0,0,0,1,0
0,1.0,0.14905933429811866,LP001050,0.0,1.0,0.0,0,1,0,0.0482666733703713,0.0809310100061823,0,0,0,1,1,0,0,1,0,0
1,1.0,0.20549927641099855,LP001052,0.0,1.0,0.0,1,0,0,0.06536112018904447,0.07482626376064257,0,0,0,1,0,0,1,0,1,0
1,1.0,0.2633863965267728,LP001066,1.0,1.0,1.0,0,0,0,0.10203876417205059,0.08649275080162029,0,0,0,1,0,1,0,0,1,0
1,1.0,0.16353111432706222,LP001068,1.0,1.0,0.0,0,0,0,0.04537570074662511,0.06986985619280096,0,0,0,1,0,1,0,0,1,0
0,1.0,0.14616497829232997,LP001073,1.0,1.0,0.0,0,1,0,0.04806556223132809,0.08230048521761937,0,0,0,1,0,1,0,0,0,1
0,1.0,0.03762662807525326,LP001086,0.0,0.0,0.0,0,0,0,0.0,0.0694662606186889,0,0,0,1,0,1,0,0,0,1
1,0.0,0.16063675832127353,LP001087,1.0,0.0,0.0,0,1,0,0.05519243822117197,0.08371533899663408,0,0,0,1,0,1,0,0,1,0
1,1.0,0.2778581765557164,LP001091,0.0,1.0,0.0,1,0,0,0.07658563563689384,0.062325812833572164,0,0,0,1,0,0,1,0,0,1
1,1.0,0.09406657018813314,LP001095,0.0,0.0,0.0,0,0,0,0.021682294678096483,0.07253847853302894,0,0,0,1,0,1,0,0,0,1
1,1.0,0.14037626628075253,LP001097,0.0,0.0,1.0,1,0,0,0.0408507001181528,0.07535980306471465,0,0,0,1,0,1,0,1,0,0
1,1.0,0.15195369030390737,LP001098,1.0,1.0,0.0,0,0,0,0.0468211870584982,0.07739938080495357,0,0,0,1,0,1,0,0,1,0
1,1.0,0.45007235890014474,LP001100,0.0,0.0,0.0,0,0,1,0.17670127454184367,0.08338676069882994,0,0,0,1,0,1,0,1,0,0
1,1.0,0.507959479015919,LP001106,1.0,1.0,0.0,0,0,0,0.03645139395158249,0.013420954212747773,0,0,0,1,0,1,0,0,0,1
1,1.0,0.1316931982633864,LP001109,0.0,1.0,0.0,0,0,0,0.021569169662384674,0.05096329539990383,0,0,0,0,1,0,0,0,0,1
1,0.0,0.19536903039073805,LP001112,1.0,1.0,0.0,0,0,0,0.046305839764699964,0.05868996099802319,0,0,0,1,0,1,0,0,1,0
1,1.0,0.2532561505065123,LP001114,1.0,0.0,0.0,0,0,0,0.12486487845345534,0.10913817013596104,0,0,0,1,0,1,0,0,0,1
0,1.0,0.14616497829232997,LP001116,1.0,0.0,0.0,0,0,0,0.049950979159858216,0.0849232831601801,0,0,0,1,0,1,0,0,1,0
1,1.0,0.10274963820549927,LP001119,0.0,0.0,0.0,0,0,0,0.027124864878453454,0.07677512421862479,0,0,0,1,0,1,0,0,0,1
1,1.0,0.05499276410998553,LP001120,1.0,0.0,0.0,0,0,0,0.01974659996480555,0.11352405766063164,0,0,0,1,0,1,0,0,0,1
1,1.0,0.0955137481910275,LP001123,1.0,1.0,0.0,0,0,0,0.012041529450212423,0.05177111716621254,0,0,0,1,0,0,1,0,0,1
1,1.0,0.1808972503617945,LP001131,1.0,1.0,0.0,0,0,0,0.06077327232962116,0.08032046850217578,0,0,0,1,0,1,0,0,1,0
0,1.0,0.12590448625180897,LP001136,1.0,1.0,1.0,0,0,0,0.040888408456723396,0.08428834749158519,0,0,0,0,0,1,0,0,0,1
1,0.0,0.11432706222865413,LP001137,1.0,0.0,0.0,0,0,0,0.02473667010231529,0.06475396698188812,0,0,0,0,0,1,0,0,0,1
1,1.0,0.05065123010130246,LP001138,1.0,1.0,0.0,1,0,0,0.052879660122175015,0.23715921840621312,0,0,0,1,0,1,0,0,0,1
1,1.0,0.19536903039073805,LP001144,1.0,1.0,0.0,0,0,0,0.05504160486688957,0.06797296575305872,0,0,0,1,0,1,0,0,0,1
1,0.0,0.16063675832127353,LP001146,0.0,1.0,0.0,0,0,0,0.05835993866110259,0.0877544478281776,0,0,0,1,1,0,0,0,0,1
1,0.0,0.19536903039073805,LP001151,1.0,0.0,0.0,0,0,0,0.06074813343724075,0.07403697173692364,0,0,0,1,0,1,0,0,1,0
0,0.0,0.1316931982633864,LP001155,1.0,1.0,0.0,0,0,0,0.02677292038512783,0.0589261099535182,0,0,0,1,0,1,0,0,1,0
1,0.0,0.16063675832127353,LP001157,1.0,0.0,0.0,0,0,0,0.020664169536690213,0.03968584709087995,0,0,0,1,0,1,0,0,1,0
1,0.0,0.14905933429811866,LP001164,0.0,0.0,0.0,0,0,0,0.03504361597828,0.0628649279875438,0,0,0,1,0,1,0,0,1,0
1,1.0,0.1808972503617945,LP001179,0.0,1.0,0.0,0,1,0,0.039895422207697526,0.05647910471683896,0,0,0,1,0,1,0,0,0,1
1,0.0,0.40086830680173663,LP001186,0.0,1.0,1.0,1,0,0,0.12642348978104026,0.06756170580501403,0,0,0,1,1,0,0,0,0,1
1,1.0,0.12735166425470332,LP001194,1.0,1.0,0.0,0,1,0,0.03058146258075869,0.06705905486439638,0,0,0,1,0,1,0,0,1,0
1,1.0,0.12590448625180897,LP001195,1.0,1.0,0.0,0,0,0,0.02867090675984816,0.0648140727680718,0,0,0,1,0,1,0,0,1,0
1,1.0,0.18234442836468887,LP001197,0.0,1.0,0.0,0,0,0,0.051836396088388345,0.06952324980855194,0,0,0,1,0,1,0,1,0,0
1,1.0,0.24746743849493488,LP001198,1.0,1.0,0.0,1,0,0,0.11171723773850524,0.10060372923011165,0,0,0,1,0,1,0,0,0,1
0,1.0,0.19536903039073805,LP001199,1.0,1.0,0.0,0,1,0,0.06000653611201891,0.07324891809584869,0,0,0,1,0,1,0,0,0,1
1,1.0,0.16063675832127353,LP001205,1.0,1.0,0.0,0,0,0,0.06101209180723497,0.09113640006411285,0,0,0,1,0,1,0,0,0,1
1,1.0,0.13024602026049203,LP001206,1.0,1.0,0.0,0,0,1,0.019947711103848763,0.04907060669202038,0,0,0,1,0,1,0,0,0,1
0,1.0,0.22575976845151954,LP001207,0.0,1.0,1.0,0,0,0,0.058020563613967166,0.060840169607600296,0,0,1,0,1,0,0,1,0,0
1,1.0,0.507959479015919,LP001213,0.0,1.0,0.0,1,0,0,0.04403077000427361,0.016642624352193196,0,0,0,1,1,0,0,1,0,0
1,0.0,0.1548480463096961,LP001222,0.0,0.0,0.0,0,0,0,0.03423917142210714,0.059298848732389706,0,0,0,1,1,0,0,0,1,0
1,1.0,0.36034732272069464,LP001225,0.0,1.0,0.0,0,0,0,0.11160411272279343,0.06716565341046754,0,0,0,1,0,1,0,0,1,0
0,1.0,0.16931982633863965,LP001228,0.0,0.0,0.0,0,0,0,0.05042861811508585,0.07347789251940558,0,0,1,0,1,0,0,0,0,1
1,1.0,0.4384949348769899,LP001233,1.0,1.0,0.0,1,0,0,0.1169964051383896,0.05649327431664345,0,0,0,1,0,1,0,0,0,1
0,1.0,0.1678726483357453,LP001238,1.0,1.0,1.0,0,0,1,0.07111792654415647,0.09947106908158358,1,0,0,0,0,1,0,0,0,1
1,0.0,0.1837916063675832,LP001241,0.0,0.0,0.0,0,0,0,0.03592347721159406,0.051035705194082764,0,0,0,1,1,0,0,0,1,0
1,1.0,0.23589001447178004,LP001243,1.0,1.0,0.0,0,0,0,0.060735563991050553,0.06038162048927042,0,0,0,1,0,1,0,0,0,1
0,1.0,0.12735166425470332,LP001245,1.0,1.0,1.0,0,1,0,0.029010281806983583,0.06458046574341976,0,0,0,1,0,1,0,0,1,0
1,1.0,0.10419681620839363,LP001248,1.0,0.0,0.0,0,0,0,0.02586792025943337,0.07333202733106563,0,0,1,0,0,1,0,0,1,0
0,1.0,0.12445730824891461,LP001250,0.0,1.0,0.0,0,0,1,0.04164257522813545,0.08649328080579716,0,0,0,0,1,0,0,0,1,0
1,1.0,0.2575976845151954,LP001253,1.0,1.0,1.0,0,0,1,0.07036375977274441,0.06263258629305224,0,0,0,1,0,1,0,0,1,0
1,1.0,0.15050651230101303,LP001255,0.0,0.0,0.0,0,0,0,0.029010281806983583,0.054051945583519036,0,0,0,1,0,1,0,0,0,1
1,1.0,0.24167872648335745,LP001256,0.0,0.0,0.0,0,0,0,0.08871515121043767,0.0831135525798132,0,0,0,1,0,1,0,0,0,1
1,1.0,0.14616497829232997,LP001259,0.0,1.0,1.0,1,0,0,0.03242917117071822,0.060548747613982434,0,0,0,1,0,1,0,0,0,1
1,1.0,0.24746743849493488,LP001263,0.0,1.0,0.0,0,0,1,0.07196007943889993,0.06680557781695785,0,0,1,0,1,0,0,0,1,0
0,1.0,0.17510853835021709,LP001264,1.0,1.0,1.0,0,0,1,0.050994243193644886,0.07158198429235454,0,0,0,1,0,0,1,0,1,0
1,0.0,0.1476121562952243,LP001265,1.0,0.0,0.0,0,0,0,0.030216948641242868,0.05686548866545661,0,0,0,1,0,1,0,0,1,0
1,1.0,0.507959479015919,LP001266,1.0,1.0,1.0,1,0,0,0.011978682219261419,0.0030186461505583165,0,0,0,1,0,1,0,0,1,0
1,0.0,0.22865412445730826,LP001267,0.0,1.0,0.0,0,1,0,0.022838683727594962,0.027757595883725426,0,0,0,1,0,1,0,0,0,1
1,1.0,0.3704775687409551,LP001273,0.0,1.0,0.0,0,0,0,0.08557278966288745,0.050101764010318545,0,0,0,1,0,0,1,0,1,0
1,1.0,0.059334298118668596,LP001275,1.0,1.0,0.0,1,0,0,0.03200181000025139,0.1436319923064594,0,0,1,0,0,1,0,0,0,1
1,1.0,0.1837916063675832,LP001279,1.0,0.0,0.0,0,0,0,0.04342743658714397,0.059478800335649576,0,0,0,1,0,1,0,0,1,0
0,1.0,0.13024602026049203,LP001280,1.0,1.0,0.0,0,1,0,0.048907715126071546,0.09383302491172343,0,0,0,1,0,0,1,0,1,0
1,1.0,0.13748191027496381,LP001282,1.0,1.0,0.0,0,0,0,0.03992056110007793,0.07562849075912066,0,0,0,1,0,1,0,0,1,0
1,1.0,0.29088277858176553,LP001289,1.0,0.0,0.0,0,0,0,0.08954473465899092,0.0686785886016532,0,0,0,1,0,1,0,0,0,1
1,1.0,0.2402315484804631,LP001310,1.0,1.0,0.0,0,0,0,0.10583473692149124,0.0986137888397866,0,0,0,1,0,1,0,0,1,0
1,1.0,0.17655571635311143,LP001316,1.0,1.0,0.0,0,0,0,0.055506674375927,0.07623187802899516,0,0,0,1,0,1,0,0,1,0
1,1.0,0.2590448625180897,LP001318,1.0,1.0,0.0,0,1,0,0.13150154604188138,0.11200990338740865,0,0,1,0,0,1,0,0,1,0
0,1.0,0.10419681620839363,LP001319,1.0,1.0,0.0,0,1,0,0.04589104804042334,0.11115860210266365,0,0,0,1,0,1,0,0,0,1
1,1.0,0.16353111432706222,LP001322,1.0,0.0,0.0,0,0,0,0.03382437969783051,0.05538140570026197,0,0,0,1,0,1,0,0,1,0
0,1.0,0.023154848046309694,LP001325,1.0,0.0,0.0,0,0,0,0.027376253802257472,0.26872896297483573,0,1,0,0,0,1,0,0,1,0
1,1.0,0.507959479015919,LP001326,0.0,0.0,0.0,0,0,0,0.06712084265567259,0.02645723139391997,0,0,0,1,0,0,1,0,0,1
1,0.0,0.18523878437047755,LP001327,1.0,1.0,0.0,0,0,0,0.04203222806003167,0.05741491887035051,0,0,0,1,0,1,0,0,1,0
1,1.0,0.059334298118668596,LP001333,1.0,1.0,0.0,0,0,0,0.019256391563387716,0.10462574130469626,0,0,0,1,0,1,0,0,1,0
0,1.0,0.15340086830680175,LP001334,1.0,1.0,0.0,0,0,0,0.034515699238291564,0.06026746203753389,0,0,1,0,0,1,0,0,1,0
1,1.0,0.17655571635311143,LP001343,1.0,1.0,0.0,0,0,0,0.04849292340179492,0.06803913819620243,0,0,0,1,0,1,0,0,1,0
0,1.0,0.17945007235890015,LP001345,1.0,1.0,0.0,0,1,0,0.07678674677593705,0.0994218998369461,0,0,1,0,0,1,0,0,0,1
1,1.0,0.20549927641099855,LP001349,1.0,0.0,0.0,0,0,0,0.0905879986927776,0.10039072741535035,0,0,0,1,0,1,0,0,1,0
1,1.0,0.507959479015919,LP001350,1.0,1.0,0.0,0,0,0,0.1534477990899721,0.0631511460169899,0,0,0,1,0,1,0,0,0,1
1,1.0,0.507959479015919,LP001356,1.0,1.0,0.0,0,0,0,0.08538424797003444,0.03422022760057702,0,0,0,1,0,1,0,0,1,0
1,1.0,0.21852387843704776,LP001357,1.0,0.0,0.0,0,0,0,0.03931722768294829,0.04515948068600738,0,0,0,1,0,1,0,0,0,1
1,1.0,0.1316931982633864,LP001367,1.0,1.0,0.0,1,0,0,0.03318333794213027,0.0687353742586953,0,0,0,1,0,1,0,0,0,1
1,1.0,0.3125904486251809,LP001369,1.0,1.0,0.0,0,1,0,0.13953342215741973,0.09744510338195224,0,0,0,1,0,1,0,0,0,1
0,1.0,0.16063675832127353,LP001370,0.0,0.0,0.0,0,0,0,0.07404660750647327,0.10775765347010739,0,0,0,1,0,1,0,1,0,0
1,1.0,0.2995658465991317,LP001379,0.0,1.0,0.0,0,1,0,0.07488876040121673,0.05611654289326994,0,0,0,1,1,0,0,0,0,1
0,1.0,0.12301013024602026,LP001384,1.0,1.0,0.0,0,0,1,0.017383544081047787,0.048026654571620524,0,0,0,1,0,1,0,0,1,0
1,1.0,0.1837916063675832,LP001385,1.0,0.0,0.0,0,0,0,0.04869403454083813,0.06540452372646445,0,0,0,1,0,1,0,0,0,1
1,0.0,0.18813314037626627,LP001387,1.0,1.0,0.0,0,0,0,0.04801528444656728,0.06303468204759802,0,0,0,1,0,1,0,0,1,0
0,1.0,0.20694645441389292,LP001391,0.0,1.0,0.0,0,0,0,0.07848362201161417,0.08748028108418185,0,0,0,0,1,0,0,1,0,0
1,0.0,0.507959479015919,LP001392,1.0,0.0,1.0,1,0,0,0.07552980215691697,0.030031522145643003,0,0,0,1,0,1,0,0,1,0
1,1.0,0.1577424023154848,LP001398,1.0,0.0,0.0,0,0,0,0.0453505618542447,0.07253715692160576,0,0,0,1,0,1,0,0,1,0
1,1.0,0.25470332850940663,LP001401,1.0,1.0,0.0,1,0,0,0.1651750923854295,0.14183752593754198,0,0,1,0,0,1,0,1,0,0
1,0.0,0.2098408104196816,LP001404,1.0,1.0,0.0,0,0,0,0.050378340330325046,0.05829064348057777,0,0,0,1,0,1,0,0,1,0
1,1.0,0.10998552821997105,LP001405,1.0,1.0,0.0,1,0,0,0.027275698232735866,0.07195534729358966,0,0,0,1,0,0,1,0,0,1
1,1.0,0.2402315484804631,LP001421,0.0,1.0,0.0,0,0,0,0.078785288720179,0.07496164678405422,0,0,0,1,0,1,0,1,0,0
1,0.0,0.361794500723589,LP001422,1.0,0.0,0.0,0,0,0,0.11269765454134091,0.06751465591023213,0,0,0,1,0,1,0,0,0,1
1,1.0,0.24746743849493488,LP001426,1.0,1.0,0.0,0,0,0,0.08662862314286432,0.079275524923866,0,0,0,1,0,1,0,1,0,0
1,0.0,0.05065123010130246,LP001430,1.0,0.0,0.0,0,0,0,0.03423917142210714,0.17233239592592056,0,0,0,1,0,1,0,0,1,0
1,0.0,0.18523878437047755,LP001431,1.0,0.0,0.0,0,0,0,0.12160939189019332,0.14629777605666267,0,0,0,1,1,0,0,0,1,0
1,1.0,0.10419681620839363,LP001432,1.0,1.0,0.0,0,1,0,0.0190427109781543,0.06043822312455106,0,0,0,1,0,1,0,0,1,0
0,1.0,0.26772793053545585,LP001439,1.0,1.0,0.0,0,0,0,0.06123834183865859,0.052822038953506636,0,0,0,1,0,1,0,1,0,0
1,0.0,0.12156295224312591,LP001443,1.0,0.0,0.0,0,0,0,0.028281253927951933,0.06657911472578835,0,0,0,1,0,0,1,1,0,0
1,1.0,0.5224312590448625,LP001448,1.0,1.0,0.0,0,0,1,0.28106538625908145,0.11395883782484198,0,0,0,1,0,1,0,1,0,0
1,1.0,0.507959479015919,LP001449,1.0,0.0,0.0,0,0,0,0.05106965987078609,0.019634556820003205,0,0,0,1,0,1,0,1,0,0
1,1.0,0.21852387843704776,LP001451,0.0,1.0,1.0,1,0,0,0.1624098142235853,0.16288267350536947,0,0,1,0,1,0,0,0,0,1
1,1.0,0.2503617945007236,LP001465,0.0,1.0,0.0,0,0,0,0.0905879986927776,0.08162585931459149,0,0,0,1,0,0,1,1,0,0
1,1.0,0.9276410998552822,LP001469,1.0,0.0,1.0,0,0,0,0.2353503104653209,0.04989507687375936,0,0,0,1,0,0,1,0,0,1
1,1.0,0.09406657018813314,LP001473,1.0,0.0,0.0,0,0,0,0.03143618492169235,0.09270803099942385,0,0,0,1,0,1,0,0,0,1
1,1.0,0.08827785817655572,LP001478,1.0,0.0,0.0,0,0,0,0.016038613338696297,0.06490509010143568,0,0,0,1,0,1,0,0,1,0
1,1.0,0.023154848046309694,LP001482,1.0,1.0,1.0,0,0,0,0.025352572965635135,0.2563423625581023,0,1,0,0,0,1,0,0,1,0
1,1.0,0.1345875542691751,LP001487,1.0,0.0,0.0,0,0,0,0.043402297694763566,0.08252642297502429,0,0,0,1,0,1,0,0,1,0
1,1.0,0.40665701881331406,LP001488,0.0,1.0,0.0,0,0,1,0.12956585132859047,0.06815305282124125,0,0,0,1,0,1,0,0,1,0
1,0.0,0.1085383502170767,LP001489,0.0,1.0,0.0,0,0,0,0.0394806304834209,0.09516177043024295,0,0,0,1,0,1,0,1,0,0
1,1.0,0.11432706222865413,LP001491,1.0,1.0,1.0,0,1,0,0.06754820382613942,0.13919771525157004,0,0,0,1,0,1,0,0,0,1
1,1.0,0.33719247467438496,LP001492,0.0,0.0,0.0,0,0,0,0.17040398200055307,0.10943293253978242,0,0,0,1,1,0,0,0,1,0
0,1.0,0.1736613603473227,LP001493,0.0,1.0,0.0,0,1,0,0.0526408406445612,0.07416588078739512,0,0,0,1,0,1,0,1,0,0
1,1.0,0.25470332850940663,LP001497,0.0,1.0,0.0,0,1,0,0.07143216269891149,0.06429911238374134,0,0,0,1,0,1,0,1,0,0
1,1.0,0.2301013024602026,LP001498,1.0,0.0,0.0,0,0,0,0.049963548606048416,0.05224051473450417,0,0,0,1,0,1,0,0,0,1
1,1.0,0.2402315484804631,LP001504,1.0,0.0,1.0,0,0,0,0.06923250961562634,0.06660865981269892,0,0,1,0,0,1,0,0,1,0
1,1.0,0.16353111432706222,LP001507,1.0,1.0,0.0,0,0,0,0.04135347796576083,0.0648249115164,0,0,0,1,0,1,0,0,1,0
1,1.0,0.2575976845151954,LP001508,1.0,1.0,0.0,0,1,0,0.12965383745192186,0.11114920548936182,0,0,1,0,0,1,0,0,0,1
1,0.0,0.1316931982633864,LP001514,1.0,1.0,0.0,0,0,0,0.06754820382613942,0.12132072447507614,0,0,0,1,0,1,0,0,1,0
1,0.0,0.08827785817655572,LP001516,1.0,1.0,0.0,0,1,0,0.16873224565725634,0.3986948457857257,0,0,0,1,0,1,0,0,0,1
1,1.0,0.030390738060781478,LP001518,1.0,1.0,0.0,1,0,0,0.019118127655295507,0.18018913287385802,0,0,0,1,0,1,0,0,0,1
1,0.0,0.3125904486251809,LP001519,0.0,0.0,0.0,0,0,0,0.1285100178486136,0.0899481754554683,0,0,0,1,0,1,0,1,0,0
1,1.0,0.1678726483357453,LP001520,1.0,1.0,0.0,0,0,0,0.05339500741597325,0.07777528450072127,0,0,0,1,0,1,0,0,1,0
1,1.0,0.1577424023154848,LP001528,0.0,0.0,0.0,0,0,0,0.06077327232962116,0.09253710258869169,0,0,0,1,1,0,0,1,0,0
1,1.0,0.20694645441389292,LP001529,1.0,1.0,1.0,0,0,0,0.0614017446391312,0.07028369931078698,0,0,0,1,0,1,0,1,0,0
1,1.0,0.34008683068017365,LP001531,0.0,0.0,0.0,0,0,0,0.09708640237311145,0.06247585915145081,0,0,0,1,0,1,0,0,0,1
0,1.0,0.15050651230101303,LP001532,0.0,1.0,0.0,0,1,0,0.010545765353578521,0.029047938531106786,0,0,0,1,0,1,0,1,0,0
1,1.0,0.059334298118668596,LP001535,1.0,0.0,0.0,0,0,0,0.02277583649664396,0.1153966981888123,0,0,0,1,0,1,0,0,0,1
1,1.0,0.8552821997105644,LP001536,1.0,1.0,0.0,0,0,1,0.48464013675557455,0.11844526366404874,0,0,1,0,1,0,0,0,1,0
1,1.0,0.21852387843704776,LP001541,1.0,1.0,0.0,1,0,0,0.05729153573493552,0.06234973553454079,0,0,0,1,0,0,1,1,0,0
1,1.0,0.2575976845151954,LP001543,1.0,1.0,0.0,1,0,0,0.10176223635586616,0.08832572064801966,0,0,0,1,0,1,0,0,0,1
1,1.0,0.16063675832127353,LP001546,1.0,0.0,0.0,0,0,0,0.04551396465471731,0.07137361756691778,0,0,0,1,0,1,0,1,0,0
1,1.0,0.35600578871201155,LP001552,1.0,1.0,0.0,0,0,0,0.11018376530330073,0.06721853992438456,0,0,0,1,0,1,0,0,1,0
0,1.0,0.1287988422575977,LP001560,1.0,1.0,0.0,0,0,0,0.018376530330073658,0.04721779720062412,0,0,0,1,0,1,0,0,1,0
1,1.0,0.3849493487698987,LP001562,0.0,1.0,0.0,0,0,0,0.08158827522059378,0.045707208323012144,0,0,0,1,0,1,0,0,0,1
1,1.0,0.16208393632416787,LP001565,0.0,1.0,0.0,1,0,0,0.036790768998717915,0.05967130248410757,0,0,0,1,1,0,0,0,1,0
1,1.0,0.21562952243125905,LP001570,1.0,1.0,0.0,0,1,0,0.052439729505517986,0.05856383183770525,0,0,0,1,0,1,0,1,0,0
1,1.0,0.0955137481910275,LP001572,1.0,1.0,0.0,0,0,0,0.09905980542497297,0.2293123898060587,0,0,1,0,0,1,0,0,0,1
1,1.0,0.2503617945007236,LP001574,1.0,1.0,0.0,0,0,0,0.06826466225898087,0.06285700194980529,0,0,0,0,0,1,0,1,0,0
1,0.0,0.14905933429811866,LP001577,0.0,1.0,0.0,0,0,0,0.0394806304834209,0.06892702585121241,0,0,0,1,0,1,0,1,0,0
1,1.0,0.1736613603473227,LP001578,1.0,1.0,0.0,0,0,0,0.05442570200356972,0.07628309545730719,0,0,0,1,0,1,0,1,0,0
1,1.0,0.07814761215629522,LP001579,0.0,0.0,0.0,0,0,0,0.009992709721209683,0.05851823018035553,0,0,0,1,1,0,0,0,1,0
1,1.0,0.276410998552822,LP001580,1.0,1.0,0.0,0,1,0,0.08243042811533724,0.06715819842923546,0,0,0,1,0,1,0,0,1,0
0,1.0,0.12445730824891461,LP001581,1.0,1.0,0.0,0,0,0,0.026986600970361246,0.06288625876279093,0,0,0,1,0,1,0,1,0,0
1,1.0,1.0,LP001585,1.0,1.0,0.0,0,0,1,0.6325071017370975,0.1324516291530236,0,0,1,0,0,1,0,0,0,1
0,1.0,0.10419681620839363,LP001586,0.0,1.0,0.0,0,0,1,0.026144448075617787,0.07385442823814357,0,0,1,0,0,1,0,1,0,0
1,1.0,0.2575976845151954,LP001594,1.0,1.0,0.0,0,0,0,0.1243243922672767,0.10678816106722162,0,0,0,1,0,1,0,0,1,0
0,1.0,0.11287988422575977,LP001603,0.0,1.0,1.0,0,0,0,0.04572764523995073,0.10253079903388584,0,0,0,1,0,1,0,0,1,0
1,1.0,0.1548480463096961,LP001606,1.0,1.0,0.0,0,0,0,0.05051660423841726,0.08077112269318139,0,0,0,1,0,1,0,1,0,0
1,1.0,0.13314037626628075,LP001608,1.0,1.0,0.0,0,1,0,0.02792930943462631,0.059997873485056474,0,0,0,1,0,1,0,1,0,0
1,1.0,0.703328509406657,LP001610,0.0,1.0,0.0,0,0,1,0.19324266572814802,0.055563488709826275,0,0,0,1,1,0,0,0,1,0
1,1.0,0.1548480463096961,LP001616,1.0,1.0,0.0,1,0,0,0.029010281806983583,0.05240119161448288,0,0,0,1,0,1,0,0,1,0
0,1.0,0.1345875542691751,LP001630,0.0,0.0,0.0,0,0,0,0.029437642977450412,0.061576610127942834,0,0,0,1,1,0,0,0,0,1
1,1.0,0.24746743849493488,LP001633,0.0,1.0,0.0,1,0,0,0.1534477990899721,0.13607949991985896,0,0,0,1,1,0,0,0,0,1
1,1.0,0.08393632416787265,LP001634,0.0,0.0,0.0,0,0,0,0.06959702355514216,0.19057062818620477,0,0,0,1,0,0,1,1,0,0
1,1.0,0.09261939218523878,LP001636,1.0,1.0,0.0,0,0,0,0.039694311068654314,0.11142240480231509,0,0,1,0,0,1,0,0,1,0
1,1.0,0.36324167872648333,LP001637,0.0,1.0,0.0,1,0,0,0.40730033434726864,0.2406031538584833,0,0,0,1,0,1,0,0,1,0
1,0.0,0.14327062228654125,LP001639,1.0,1.0,0.0,0,0,0,0.027439101033208478,0.054780858755854756,0,0,0,1,0,1,0,0,1,0
1,1.0,0.16063675832127353,LP001640,1.0,1.0,1.0,0,0,0,0.5336358380049775,0.6938131110754929,0,0,0,1,0,1,0,0,1,0
1,1.0,0.0824891461649783,LP001641,0.0,1.0,1.0,1,0,0,0.009251112395987833,0.053694502324090405,0,0,1,0,1,0,0,1,0,0
1,1.0,0.07091172214182344,LP001643,1.0,1.0,0.0,0,0,0,0.038701324819628444,0.14014734898939377,0,0,0,1,0,0,1,1,0,0
1,1.0,0.2301013024602026,LP001644,1.0,1.0,1.0,0,0,0,0.05691445234922949,0.058571657545852134,0,0,0,1,0,1,0,1,0,0
1,1.0,0.2590448625180897,LP001647,1.0,1.0,0.0,0,0,0,0.09912265265592397,0.08565543441563535,0,0,1,0,0,1,0,1,0,0
0,1.0,0.056439942112879886,LP001653,1.0,0.0,0.0,0,0,0,0.04327660323286156,0.1859673024523161,0,0,0,1,0,1,0,1,0,0
1,1.0,0.22431259044862517,LP001656,0.0,0.0,0.0,0,0,0,0.13270821287614068,0.13095829147103782,0,0,0,1,0,1,0,0,1,0
0,1.0,0.21852387843704776,LP001657,0.0,1.0,0.0,0,0,0,0.05770632745921215,0.06274643372335309,0,0,0,1,0,1,0,0,0,1
1,1.0,0.09696092619392185,LP001658,1.0,0.0,0.0,0,0,0,0.030367781995525277,0.08785989657586826,0,0,0,1,0,1,0,0,1,0
1,1.0,0.16063675832127353,LP001664,1.0,0.0,0.0,0,0,0,0.03455340757686216,0.05739701875300529,0,0,0,1,0,1,0,1,0,0
1,1.0,0.23299565846599132,LP001665,0.0,1.0,0.0,1,0,0,0.05362125744739687,0.054803277297455294,0,0,0,1,0,1,0,0,1,0
1,1.0,0.2575976845151954,LP001666,1.0,0.0,0.0,0,0,0,0.13375147690992734,0.11450227266298846,0,0,0,1,0,1,0,1,0,0
0,0.0,0.16063675832127353,LP001669,1.0,0.0,0.0,0,0,0,0.035571532718268434,0.05869530373457286,0,0,0,0,0,1,0,0,0,1
1,0.0,0.15050651230101303,LP001671,1.0,1.0,0.0,0,0,0,0.06020764725106212,0.0962983346264647,0,0,0,1,0,0,1,0,1,0
1,1.0,0.10709117221418235,LP001673,0.0,0.0,1.0,0,0,0,0.12013876668593981,0.24512925882082592,0,0,0,1,0,1,0,0,0,1
0,1.0,0.11722141823444283,LP001674,1.0,1.0,0.0,1,0,0,0.04597903416375475,0.09921461772719987,0,0,0,1,0,1,0,0,1,0
1,1.0,0.2272069464544139,LP001677,1.0,0.0,0.0,0,1,0,0.043754242188089196,0.04726390736853489,0,0,0,1,1,0,0,0,1,0
0,1.0,0.507959479015919,LP001682,0.0,1.0,0.0,0,0,1,0.032052087785012194,0.011550996420366513,0,0,1,0,0,1,0,0,0,1
0,1.0,0.18234442836468887,LP001688,1.0,1.0,0.0,1,0,0,0.0394806304834209,0.05551815639970794,0,0,0,1,0,1,0,0,0,1
0,1.0,0.16642547033285093,LP001691,1.0,1.0,0.0,0,1,0,0.031109379320747126,0.05098004746418213,0,0,0,1,0,1,0,0,1,0
0,0.0,0.16063675832127353,LP001692,1.0,0.0,0.0,0,0,0,0.03728097740013575,0.060875140246834436,0,0,0,1,0,1,0,0,1,0
1,0.0,0.10274963820549927,LP001693,1.0,0.0,0.0,0,0,0,0.02265014203474195,0.06821606026606827,0,0,0,1,0,1,0,0,0,1
0,1.0,0.06657018813314038,LP001698,1.0,0.0,0.0,0,0,0,0.06365167550717715,0.21774177097145525,0,0,0,1,0,1,0,1,0,0
1,1.0,0.0723589001447178,LP001699,1.0,0.0,0.0,0,0,0,0.013034515699238292,0.07103756849342979,0,0,0,1,0,1,0,0,0,1
1,1.0,0.170767004341534,LP001702,0.0,0.0,0.0,0,0,0,0.0248372256718369,0.041987598961573946,0,0,0,1,0,1,0,0,1,0
1,0.0,0.29667149059334297,LP001708,0.0,0.0,0.0,0,0,0,0.10756932049573896,0.08010060322990895,0,0,0,1,0,1,0,0,1,0
1,1.0,0.17221418234442837,LP001711,0.0,1.0,0.0,0,0,1,0.040699866763870385,0.0605465619490303,0,0,0,1,1,0,0,0,1,0
1,1.0,0.3342981186685962,LP001713,1.0,1.0,1.0,1,0,0,0.07975313607682445,0.05262862638243309,0,0,0,1,0,1,0,0,0,1
0,1.0,0.17510853835021709,LP001715,1.0,1.0,1.0,0,0,1,0.05355841021644586,0.07460021946317827,0,0,0,1,0,1,0,1,0,0
1,1.0,0.18523878437047755,LP001716,1.0,1.0,0.0,0,0,0,0.05973000829583448,0.07718226414255513,0,0,0,1,0,1,0,0,0,1
0,1.0,0.1316931982633864,LP001720,1.0,1.0,0.0,0,0,1,0.04262299203097111,0.08317999679435807,0,0,0,1,0,1,0,0,1,0
1,1.0,0.18234442836468887,LP001722,0.0,1.0,0.0,0,0,0,0.0063852786646220365,0.01800502217235668,0,0,0,1,0,1,0,1,0,0
1,1.0,0.17655571635311143,LP001726,1.0,1.0,0.0,0,0,0,0.05103195153221549,0.07100496874499118,0,0,0,1,0,1,0,0,1,0
1,1.0,0.09117221418234443,LP001732,0.0,1.0,0.0,0,1,0,0.04472208954473466,0.12379120585563927,0,0,0,1,1,0,0,0,1,0
1,0.0,0.170767004341534,LP001734,1.0,1.0,0.0,0,1,0,0.0656627868976093,0.09117779575517479,0,0,0,1,0,0,1,0,1,0
1,1.0,0.07380607814761216,LP001736,0.0,1.0,0.0,0,0,0,0.00979159858216647,0.061420099374899825,0,0,0,1,1,0,0,0,0,1
1,1.0,0.1548480463096961,LP001743,1.0,1.0,0.0,0,1,0,0.053847507478820486,0.08516506292454029,0,0,0,1,0,1,0,0,1,0
1,1.0,0.19536903039073805,LP001744,1.0,0.0,0.0,0,0,0,0.054300007541667715,0.06718491211198376,0,0,0,1,0,1,0,0,1,0
1,1.0,0.2402315484804631,LP001749,1.0,1.0,0.0,0,0,0,0.08982126247517534,0.08461154489043574,0,0,0,0,0,1,0,0,1,0
1,1.0,0.17221418234442837,LP001750,1.0,1.0,0.0,0,0,0,0.060433897282485737,0.08413808302612598,0,0,0,1,0,1,0,0,1,0
1,1.0,0.23299565846599132,LP001751,0.0,1.0,0.0,0,0,0,0.022725558711883153,0.026993390720609453,0,0,0,1,0,1,0,1,0,0
0,1.0,0.18668596237337193,LP001754,0.0,1.0,1.0,0,0,0,0.04139118630433143,0.05621720314710412,0,0,0,1,0,1,0,0,0,1
1,1.0,0.29088277858176553,LP001758,1.0,1.0,0.0,0,1,0,0.0817391085748762,0.06299086392050009,0,0,0,1,0,1,0,0,1,0
1,1.0,0.21562952243125905,LP001760,1.0,0.0,0.0,0,0,0,0.04168028356670605,0.048143466678569474,0,0,0,1,0,1,0,0,1,0
1,1.0,0.276410998552822,LP001761,1.0,0.0,1.0,0,0,0,0.062319314211015865,0.05177111716621254,0,0,0,1,0,1,0,1,0,0
1,1.0,0.13748191027496381,LP001765,1.0,1.0,0.0,1,0,0,0.03900299152819327,0.07427842233099487,0,0,0,1,0,1,0,0,1,0
1,1.0,0.04775687409551375,LP001768,1.0,1.0,0.0,0,0,0,0.028582920636516754,0.16039658370160056,0,0,1,0,0,1,0,1,0,0
0,1.0,0.16063675832127353,LP001770,1.0,0.0,0.0,0,0,0,0.05461424369642274,0.0829780413527809,0,0,0,0,0,1,0,1,0,0
1,0.0,0.3921852387843705,LP001776,1.0,0.0,0.0,0,0,0,0.08661605369667412,0.04746410825910746,0,0,0,1,0,1,0,0,1,0
1,1.0,0.18958031837916064,LP001778,1.0,1.0,0.0,1,0,0,0.0438925060961814,0.058008380463902186,0,0,0,1,0,1,0,0,1,0
1,1.0,0.23299565846599132,LP001784,1.0,1.0,0.0,1,0,0,0.06684431483948818,0.06670563721561713,0,0,0,1,0,1,0,1,0,0
1,1.0,0.35600578871201155,LP001786,0.0,1.0,0.0,0,0,0,0.054098896402624504,0.033563071004968754,0,0,0,1,0,0,1,0,0,1
1,0.0,0.16353111432706222,LP001788,1.0,0.0,1.0,0,0,0,0.025402850750395937,0.04481855278404747,0,0,0,1,0,0,1,0,0,1
1,0.0,0.14905933429811866,LP001790,1.0,0.0,0.0,1,0,0,0.02978958747077604,0.05568657980903533,0,0,0,1,0,1,0,1,0,0
1,1.0,0.12590448625180897,LP001792,1.0,1.0,0.0,1,0,0,0.023542572714246212,0.056639685847090886,0,0,0,1,0,1,0,0,1,0
1,1.0,0.16063675832127353,LP001798,1.0,1.0,0.0,0,1,0,0.11786369692551346,0.1636319923064594,0,0,0,1,0,1,0,1,0,0
0,1.0,0.18958031837916064,LP001800,0.0,1.0,0.0,1,0,0,0.03834938032630282,0.05194971721658691,0,0,1,0,0,1,0,0,0,1
1,1.0,0.21128798842257598,LP001806,1.0,0.0,0.0,0,0,0,0.09080167927801101,0.09775863584424717,1,0,0,0,0,1,0,0,0,1
1,1.0,0.14327062228654125,LP001807,1.0,1.0,1.0,0,1,0,0.07677417732974685,0.12468166194724939,0,0,0,1,0,1,0,1,0,0
0,1.0,0.1649782923299566,LP001811,1.0,1.0,0.0,0,0,0,0.08020563613967169,0.11255321561069434,0,0,0,1,0,1,0,0,1,0
1,1.0,0.16063675832127353,LP001813,0.0,0.0,1.0,0,0,0,0.11238341838658589,0.15664369289950317,0,0,1,0,0,1,0,0,0,1
1,1.0,0.14905933429811866,LP001814,1.0,1.0,0.0,0,1,0,0.1038361949772493,0.1568532044970577,0,0,0,1,0,1,0,0,0,1
0,1.0,0.18523878437047755,LP001819,1.0,1.0,0.0,1,0,0,0.06493375901857765,0.08299453753935394,0,0,1,0,0,1,0,0,0,1
1,1.0,0.1649782923299566,LP001824,1.0,1.0,0.0,1,0,0,0.04126549184242942,0.06410892927650225,0,0,0,1,0,1,0,0,1,0
1,1.0,0.11722141823444283,LP001825,1.0,1.0,0.0,0,0,0,0.028092712235098922,0.06880376128653096,0,0,0,1,0,1,0,0,0,1
0,1.0,0.2778581765557164,LP001835,0.0,1.0,0.0,0,0,0,0.05173584051886674,0.043407740907579435,0,0,0,1,1,0,0,0,1,0
1,0.0,0.18668596237337193,LP001836,0.0,0.0,0.0,0,1,0,0.024950350687548705,0.03798685686808784,0,0,0,1,0,1,0,0,0,1
0,1.0,0.13748191027496381,LP001841,1.0,0.0,1.0,0,0,0,0.04157972799718444,0.07806971038258102,0,0,0,1,0,1,0,1,0,0
0,1.0,0.3907380607814761,LP001843,1.0,1.0,0.0,1,0,0,0.10457779230247115,0.05752059107900875,0,0,1,0,0,1,0,0,1,0
1,1.0,0.26483357452966716,LP001844,0.0,0.0,1.0,0,0,0,0.18612835918449433,0.15300929636159644,0,0,0,1,1,0,0,0,0,1
1,0.0,0.35600578871201155,LP001846,1.0,0.0,0.0,0,0,1,0.02062646119811961,0.013476895807208924,0,0,0,1,0,1,0,1,0,0
0,1.0,0.15340086830680175,LP001849,0.0,0.0,0.0,0,0,0,0.057857160813494554,0.09132595106517907,0,0,0,1,1,0,0,1,0,0
1,1.0,0.12301013024602026,LP001854,0.0,1.0,0.0,0,0,1,0.047864451092284876,0.0976458993360229,0,0,0,1,0,1,0,0,0,1
1,1.0,0.426917510853835,LP001859,0.0,1.0,0.0,0,0,0,0.19282787400387139,0.09640757206367417,0,0,0,1,0,1,0,1,0,0
0,1.0,0.17221418234442837,LP001864,0.0,1.0,0.0,0,0,1,0.0438547977576108,0.06431820003205642,0,0,0,1,0,0,1,0,1,0
1,1.0,0.4645441389290883,LP001865,1.0,1.0,0.0,1,0,0,0.11175494607707584,0.05044806131518746,0,0,0,1,0,0,1,0,0,1
1,1.0,0.1808972503617945,LP001868,1.0,0.0,0.0,0,0,0,0.03553382437969783,0.05149839837517015,0,0,0,1,0,1,0,0,1,0
1,0.0,0.21128798842257598,LP001870,0.0,0.0,0.0,1,0,0,0.025629100781819552,0.033418300079106976,1,0,0,0,0,1,0,0,1,0
1,0.0,0.16063675832127353,LP001871,1.0,0.0,0.0,0,0,0,0.07237487116317655,0.10562590158679276,0,0,0,1,0,1,0,1,0,0
1,1.0,0.17221418234442837,LP001872,1.0,0.0,1.0,0,0,0,0.046808617612308,0.06784941497034781,0,0,0,1,0,1,0,0,1,0
1,1.0,0.20549927641099855,LP001875,1.0,0.0,0.0,0,0,0,0.07667362176022524,0.08629014880759674,0,0,0,1,0,1,0,1,0,0
1,1.0,0.2040520984081042,LP001877,1.0,1.0,0.0,0,1,0,0.0584856331230046,0.0683763423625581,0,0,0,1,0,1,0,0,1,0
1,1.0,0.21852387843704776,LP001882,1.0,1.0,0.0,0,0,1,0.05910153598632444,0.06408078217663087,0,0,0,1,1,0,0,0,0,1
1,0.0,0.18234442836468887,LP001883,0.0,0.0,0.0,0,0,0,0.0248372256718369,0.03892005485209525,0,0,0,1,0,1,0,1,0,0
1,0.0,0.11722141823444283,LP001884,1.0,0.0,0.0,1,0,0,0.037632921893461374,0.08502430945130096,0,0,0,1,0,1,0,0,0,1
1,0.0,0.030390738060781478,LP001888,1.0,0.0,0.0,0,0,0,0.022562155911410545,0.19775605064914253,0,0,0,1,0,1,0,0,0,1
1,1.0,0.1837916063675832,LP001891,1.0,1.0,0.0,0,0,0,0.12197390582970914,0.14785551983255238,0,0,0,1,0,1,0,0,0,1
1,1.0,0.16931982633863965,LP001892,1.0,0.0,0.0,0,0,0,0.04082556122577239,0.061815461879574714,0,0,0,1,0,1,0,1,0,0
1,1.0,0.2040520984081042,LP001894,1.0,1.0,0.0,0,0,0,0.042748686492873125,0.05232248757813753,0,0,0,1,0,1,0,0,1,0
1,1.0,0.11722141823444283,LP001896,1.0,1.0,0.0,0,1,0,0.03089569873551371,0.07356948228882834,0,0,0,1,0,1,0,0,1,0
1,1.0,0.15340086830680175,LP001900,1.0,1.0,0.0,1,0,0,0.03959375549913271,0.06702439772260047,0,0,0,1,0,1,0,0,1,0
1,1.0,0.2865412445730825,LP001903,1.0,1.0,0.0,0,0,0,0.07321702405792001,0.05774569038609402,0,0,0,1,0,1,0,0,1,0
1,1.0,0.10274963820549927,LP001904,1.0,1.0,0.0,0,0,0,0.037218130169184745,0.09608110274082385,0,0,0,1,0,1,0,0,0,1
1,1.0,0.61794500723589,LP001907,1.0,1.0,0.0,0,0,0,0.1651750923854295,0.05455473192451743,0,0,0,1,0,1,0,0,1,0
0,0.0,0.16642547033285093,LP001908,1.0,1.0,0.0,0,0,0,0.03340958797355389,0.05381859168911478,0,0,0,1,0,0,1,1,0,0
0,1.0,0.21562952243125905,LP001910,0.0,0.0,1.0,1,0,0,0.06331230046004173,0.06909375691089736,0,0,0,1,1,0,0,0,0,1
1,1.0,0.14905933429811866,LP001914,1.0,1.0,0.0,0,0,0,0.041290630734809826,0.07139994962562682,0,0,0,1,0,1,0,0,1,0
1,1.0,0.09985528219971057,LP001915,1.0,1.0,0.0,0,1,0,0.023188114178335304,0.07127128331216788,0,0,1,0,0,1,0,0,0,1
1,0.0,0.06512301013024602,LP001917,1.0,0.0,0.0,0,0,0,0.02557882299705875,0.11406742533525671,0,0,0,1,0,1,0,0,0,1
1,1.0,0.507959479015919,LP001922,0.0,1.0,0.0,0,0,0,0.24164760300661153,0.10064112838595929,0,0,0,1,0,1,0,1,0,0
1,1.0,0.11577424023154848,LP001924,1.0,0.0,0.0,0,0,0,0.0599436888810679,0.12444914285096828,0,0,0,1,0,1,0,1,0,0
1,0.0,0.13024602026049203,LP001925,0.0,0.0,1.0,0,0,0,0.036137157796827475,0.07409404187734049,0,0,1,0,0,1,0,0,1,0
1,1.0,0.16063675832127353,LP001926,1.0,1.0,0.0,0,0,0,0.05357097966263606,0.08164769995191537,0,0,0,1,0,1,0,1,0,0
1,0.0,0.15340086830680175,LP001931,1.0,0.0,0.0,0,0,0,0.033711254682118705,0.059197056384454036,0,0,0,1,0,1,0,0,1,0
1,1.0,0.2575976845151954,LP001935,1.0,0.0,0.0,0,0,0,0.10138515297016014,0.08801715618418898,0,0,0,1,0,1,0,1,0,0
1,1.0,0.18813314037626627,LP001936,1.0,1.0,0.0,0,0,0,0.05089368762412328,0.06620342450194357,0,0,0,1,0,1,0,1,0,0
1,1.0,0.170767004341534,LP001938,0.0,1.0,0.0,0,1,0,0.037180421830614145,0.056859758213826425,0,0,0,1,1,0,0,0,1,0
1,1.0,0.1808972503617945,LP001940,1.0,1.0,0.0,0,1,0,0.041114658488147014,0.057871405913213235,0,0,0,1,0,1,0,0,0,1
1,0.0,0.1939218523878437,LP001945,0.0,0.0,0.0,0,0,0,0.049963548606048416,0.06308277393387186,0,0,0,1,1,0,0,0,0,1
1,1.0,0.23589001447178004,LP001947,1.0,1.0,0.0,0,0,0,0.053734382463108674,0.054152983669863625,0,0,0,1,0,1,0,0,1,0
1,1.0,0.14616497829232997,LP001949,1.0,1.0,0.0,0,0,1,0.05309334070740843,0.08929461306444797,0,0,0,1,0,1,0,0,0,1
1,1.0,0.276410998552822,LP001953,1.0,1.0,0.0,1,0,0,0.06828980115136127,0.05633915691617247,0,0,0,1,0,1,0,0,1,0
1,0.0,0.18234442836468887,LP001954,1.0,1.0,0.0,1,0,0,0.04052389451720757,0.05670068208936618,0,0,0,1,0,1,0,0,0,1
1,0.0,0.20549927641099855,LP001955,0.0,0.0,0.0,0,0,0,0.07666105231403504,0.08627741115754457,0,0,0,1,0,1,0,1,0,0
1,1.0,0.15050651230101303,LP001963,0.0,1.0,0.0,1,0,0,0.04395535332713241,0.0742900425102162,0,0,0,1,0,1,0,0,0,1
0,1.0,0.12156295224312591,LP001964,0.0,1.0,0.0,0,0,0,0.04137861685814123,0.08812930111835542,0,0,0,1,1,0,0,0,0,1
0,1.0,0.1389290882778582,LP001972,1.0,1.0,0.0,0,0,0,0.04000854722340934,0.07494332883016967,0,0,0,1,0,1,0,0,1,0
1,0.0,0.17800289435600578,LP001974,1.0,0.0,0.0,0,0,0,0.04472208954473466,0.06307829051858543,0,0,0,1,0,1,0,1,0,0
1,1.0,0.12590448625180897,LP001977,1.0,1.0,0.0,1,0,0,0.02496292013373891,0.058903670460009626,0,0,0,1,0,1,0,0,0,1
1,1.0,0.18958031837916064,LP001978,1.0,0.0,0.0,0,0,0,0.06357625883003595,0.07952281730130745,0,0,0,1,0,1,0,1,0,0
0,1.0,0.507959479015919,LP001990,0.0,0.0,0.0,0,0,0,0.00701375097413208,0.0009082652134423255,0,0,0,1,0,1,0,0,0,1
1,0.0,0.18234442836468887,LP001993,1.0,0.0,0.0,0,0,0,0.05010181251414063,0.0675571227582768,0,0,0,1,0,1,0,1,0,0
1,0.0,0.13748191027496381,LP001994,0.0,0.0,0.0,0,0,0,0.03545840770255663,0.0690630894990568,0,0,0,1,1,0,0,0,0,1
1,1.0,0.6816208393632417,LP001996,0.0,0.0,0.0,0,0,0,0.23619246336006436,0.0712974835710851,0,0,0,1,0,1,0,1,0,0
0,1.0,0.25470332850940663,LP001998,1.0,1.0,0.0,0,1,0,0.07824480253400035,0.06993411106249703,0,0,0,1,0,0,1,1,0,0
1,0.0,0.1085383502170767,LP002002,1.0,0.0,0.0,0,0,0,0.01853993313054627,0.05701463146566529,0,0,0,1,0,1,0,0,1,0
0,1.0,0.1476121562952243,LP002004,1.0,0.0,0.0,0,0,0,0.04889514567988135,0.08261459086911885,0,0,0,1,0,1,0,0,1,0
1,0.0,0.06801736613603473,LP002006,1.0,0.0,0.0,0,0,0,0.013386460192563916,0.07632862409268885,0,0,0,1,0,1,0,1,0,0
1,1.0,0.19536903039073805,LP002008,1.0,1.0,1.0,0,1,0,0.054098896402624504,0.06697120264999733,0,1,0,0,0,0,1,1,0,0
1,1.0,0.2170767004341534,LP002024,0.0,1.0,0.0,0,0,0,0.03612458835063727,0.042432416902805546,0,0,0,1,0,1,0,1,0,0
0,1.0,0.1476121562952243,LP002031,1.0,1.0,0.0,1,0,0,0.045212297946152495,0.07753754716408988,0,0,1,0,0,1,0,0,0,1
1,1.0,0.16063675832127353,LP002035,1.0,1.0,0.0,0,1,0,0.028595490082706957,0.04979964737938773,0,0,0,1,0,1,0,0,1,0
1,1.0,0.11432706222865413,LP002036,1.0,1.0,0.0,0,0,0,0.03456597702305236,0.0818458669075755,0,0,0,1,0,0,1,0,0,1
1,0.0,0.14905933429811866,LP002043,1.0,0.0,0.0,1,0,0,0.026383267553231605,0.05103267465024157,0,0,0,1,0,0,1,0,1,0
1,1.0,0.21128798842257598,LP002050,0.0,1.0,1.0,1,0,0,0.10756932049573896,0.11431215713849925,0,0,0,1,0,1,0,1,0,0
1,1.0,0.15340086830680175,LP002051,1.0,1.0,0.0,0,0,0,0.039279519344377685,0.06660627051436616,0,0,0,1,0,1,0,0,1,0
1,1.0,0.16642547033285093,LP002053,1.0,1.0,0.0,0,0,1,0.038827019281530456,0.060503906229803166,0,0,0,1,0,1,0,0,1,0
0,1.0,0.507959479015919,LP002054,1.0,1.0,0.0,0,1,0,0.047122853767063023,0.017956937543409737,0,0,0,1,0,1,0,1,0,0
1,0.0,0.17800289435600578,LP002055,1.0,0.0,0.0,0,0,0,0.05918952210965585,0.07984962625129319,0,0,0,1,0,0,1,1,0,0
1,1.0,0.4211287988422576,LP002065,1.0,1.0,0.0,0,0,1,0.17041655144674325,0.0863920500080141,0,0,0,1,0,1,0,1,0,0
1,1.0,0.5311143270622286,LP002067,0.0,1.0,1.0,1,0,0,0.1534352296437819,0.060042696422299,0,0,0,1,1,0,0,1,0,0
1,1.0,0.17510853835021709,LP002068,1.0,0.0,0.0,0,0,0,0.04367882551094799,0.0629711368932398,0,0,0,1,1,0,0,1,0,0
1,1.0,0.2532561505065123,LP002082,1.0,1.0,1.0,0,0,0,0.08215390029915282,0.07361826379645568,0,0,0,1,0,1,0,0,1,0
1,0.0,0.14616497829232997,LP002086,0.0,1.0,0.0,0,0,0,0.067145981548053,0.10884320039633391,0,0,0,1,0,1,0,0,0,1
1,0.0,0.08393632416787265,LP002087,1.0,0.0,0.0,0,0,0,0.01329847406923251,0.061990895020011344,0,0,0,1,0,1,0,0,0,1
1,1.0,0.15629522431259044,LP002097,1.0,0.0,0.0,1,0,0,0.05951632771060107,0.09176766493644199,0,0,0,1,0,1,0,0,0,1
1,1.0,0.1287988422575977,LP002098,1.0,0.0,0.0,0,0,0,0.018766183161969884,0.047826214954646715,0,0,0,1,0,1,0,0,1,0
1,1.0,0.08972503617945007,LP002100,1.0,0.0,0.0,0,0,0,0.017484099650569396,0.06696856890662778,0,0,0,1,0,1,0,0,0,1
1,1.0,0.6960926193921853,LP002101,1.0,1.0,0.0,0,0,0,0.7779858719424823,0.23883798751108073,0,0,1,0,0,1,0,0,0,1
1,1.0,0.2503617945007236,LP002103,1.0,1.0,1.0,1,0,0,0.1285100178486136,0.1135096671240284,0,0,1,0,0,1,0,0,0,1
1,1.0,0.08827785817655572,LP002106,1.0,1.0,1.0,0,0,0,0.10748133437240755,0.26479976186659954,0,0,0,0,0,1,0,0,1,0
1,1.0,0.21852387843704776,LP002110,1.0,1.0,0.0,1,0,0,0.05651223007114307,0.061604423785863116,0,0,0,1,0,1,0,1,0,0
1,1.0,0.24167872648335745,LP002112,1.0,1.0,1.0,0,1,0,0.07111792654415647,0.06781389791487565,0,0,0,1,0,1,0,1,0,0
0,0.0,0.507959479015919,LP002113,0.0,0.0,0.0,0,0,1,0.0048769451217979334,0.0,0,0,0,1,1,0,0,0,0,1
1,0.0,0.08972503617945007,LP002114,1.0,0.0,0.0,0,0,0,0.034163754744965934,0.10291690840668309,0,0,0,1,0,1,0,0,1,0
0,1.0,0.23733719247467439,LP002115,0.0,1.0,0.0,0,0,1,0.0350938937630408,0.037295698232357156,0,0,0,1,0,1,0,1,0,0
1,0.0,0.053545586107091175,LP002116,0.0,0.0,0.0,0,0,0,0.011765001634028004,0.0896534422322418,0,0,0,1,0,1,0,1,0,0
0,1.0,0.21562952243125905,LP002119,1.0,1.0,0.0,1,0,0,0.05456396591166193,0.06062112355720753,0,0,0,1,0,1,0,0,0,1
0,1.0,0.09406657018813314,LP002126,1.0,1.0,0.0,0,0,1,0.02175771135523769,0.07269442868096498,0,0,0,1,0,1,0,0,1,0
1,1.0,0.1678726483357453,LP002128,1.0,1.0,0.0,0,1,0,0.04362854772618718,0.06581952235935247,0,0,0,1,0,1,0,1,0,0
1,1.0,0.21852387843704776,LP002129,1.0,1.0,0.0,0,0,0,0.044181603358556025,0.049811668536624464,0,0,0,1,0,1,0,0,1,0
0,1.0,0.20694645441389292,LP002130,0.0,1.0,0.0,0,0,0,0.06675632871615676,0.07567423929273416,0,0,0,1,1,0,0,1,0,0
0,1.0,0.16931982633863965,LP002131,1.0,1.0,0.0,0,1,0,0.047877020538475076,0.07037910532060236,0,0,0,1,0,1,0,0,0,1
1,1.0,0.361794500723589,LP002137,1.0,1.0,0.0,0,0,0,0.11908293320596294,0.0712871642507802,0,0,0,1,0,0,1,0,1,0
1,1.0,0.2575976845151954,LP002138,1.0,1.0,0.0,0,0,0,0.09342869353176299,0.08150644599736177,0,0,0,1,0,1,0,1,0,0
1,1.0,0.31693198263386396,LP002139,1.0,1.0,0.0,0,0,0,0.09604313833932476,0.06684607013607106,0,0,0,1,0,1,0,0,1,0
1,1.0,0.43270622286541244,LP002140,0.0,0.0,0.0,0,0,0,0.14423439503255486,0.07088631836187534,0,0,0,1,0,1,0,1,0,0
1,1.0,0.12445730824891461,LP002141,1.0,1.0,0.0,0,0,1,0.04156715855099424,0.0863718038484575,0,0,0,1,0,1,0,1,0,0
1,0.0,0.1389290882778582,LP002142,0.0,1.0,1.0,0,0,0,0.051006812639835086,0.09097153847915188,0,0,0,1,1,0,0,1,0,0
1,0.0,0.17510853835021709,LP002143,1.0,1.0,0.0,0,0,0,0.01867819703863848,0.033543343977708466,0,0,0,1,0,1,0,0,1,0
1,0.0,0.1548480463096961,LP002144,1.0,0.0,0.0,0,0,0,0.02980215691696624,0.053445788726088954,0,0,1,0,0,1,0,0,0,1
1,1.0,0.22575976845151954,LP002149,1.0,1.0,0.0,0,1,0,0.12642348978104026,0.12427690917833571,0,0,0,1,0,1,0,1,0,0
1,1.0,0.08393632416787265,LP002151,0.0,1.0,0.0,1,0,0,0.03058146258075869,0.10146335161825111,0,0,0,1,0,1,0,0,0,1
0,1.0,0.1316931982633864,LP002158,0.0,1.0,0.0,0,0,0,0.04052389451720757,0.07996794358070203,0,0,0,1,1,0,0,0,0,1
1,1.0,0.276410998552822,LP002160,1.0,1.0,0.0,0,0,1,0.08662862314286432,0.0703702516428915,0,0,0,1,0,1,0,0,1,0
1,0.0,0.10419681620839363,LP002161,0.0,0.0,0.0,1,0,0,0.04124035295004902,0.10237276866544377,0,0,0,1,0,1,0,0,1,0
1,1.0,0.32850940665701883,LP002170,1.0,1.0,0.0,0,1,0,0.09081424872420121,0.060858297043474494,0,0,0,1,0,1,0,0,1,0
1,1.0,0.17510853835021709,LP002175,1.0,1.0,0.0,0,0,0,0.07090424595892306,0.09501769267757407,0,0,0,1,0,1,0,0,0,1
1,1.0,0.12445730824891461,LP002178,1.0,1.0,0.0,0,0,0,0.05786973025968476,0.11263107279337951,0,0,1,0,0,0,1,0,0,1
1,1.0,0.191027496382055,LP002180,1.0,0.0,1.0,0,0,0,0.06762362050328062,0.08328189528463714,0,0,0,1,0,1,0,1,0,0
0,1.0,0.17945007235890015,LP002181,0.0,0.0,0.0,0,0,0,0.06000653611201891,0.08011574054546529,0,0,0,1,0,1,0,1,0,0
1,1.0,0.12590448625180897,LP002187,0.0,0.0,0.0,0,0,0,0.01329847406923251,0.04031094726719026,0,0,0,1,0,1,0,0,1,0
1,1.0,0.16642547033285093,LP002188,0.0,0.0,0.0,0,0,0,0.046280700872319565,0.0697020304122352,0,0,0,0,1,0,0,1,0,0
1,1.0,0.2402315484804631,LP002190,1.0,1.0,0.0,1,0,0,0.0613766057467508,0.059739427105992275,0,0,0,1,0,1,0,0,1,0
1,1.0,0.8118668596237337,LP002191,0.0,1.0,0.0,0,0,0,0.29606073556399104,0.07456829282695439,0,0,0,1,0,1,0,1,0,0
1,0.0,0.06657018813314038,LP002194,1.0,0.0,1.0,0,0,0,0.17995676110510572,0.5413250958049804,0,0,0,1,0,1,0,0,1,0
1,1.0,0.21128798842257598,LP002197,1.0,1.0,0.0,0,1,0,0.04704743708992182,0.054563127879261056,0,0,0,1,0,1,0,0,1,0
1,1.0,0.5369030390738061,LP002201,1.0,1.0,1.0,0,1,0,0.19801905528042435,0.07726103204798339,0,0,1,0,0,1,0,1,0,0
1,1.0,0.1476121562952243,LP002205,0.0,0.0,0.0,1,0,0,0.0453379924080545,0.07771082510624104,0,0,1,0,1,0,0,0,0,1
1,0.0,0.14616497829232997,LP002209,1.0,0.0,0.0,0,0,0,0.03495562985494859,0.0640632968570138,0,0,0,1,0,1,0,0,0,1
1,1.0,0.16063675832127353,LP002211,1.0,1.0,0.0,0,0,0,0.0540234797254833,0.08222471549927873,0,0,1,0,0,1,0,0,0,1
1,1.0,0.17510853835021709,LP002219,1.0,1.0,0.0,0,0,1,0.15465446592423138,0.1935985796540373,0,0,0,1,0,1,0,1,0,0
1,1.0,0.17510853835021709,LP002223,1.0,1.0,0.0,0,0,0,0.03604917167349606,0.05399040773299469,0,0,0,1,0,0,1,0,1,0
1,1.0,0.08972503617945007,LP002224,0.0,0.0,0.0,0,0,0,0.020450488951456798,0.0733617928116866,0,0,0,1,0,1,0,0,0,1
1,1.0,0.17510853835021709,LP002225,1.0,1.0,0.0,0,1,0,0.04963674300510319,0.06998409508427139,0,0,0,1,0,1,0,0,0,1
1,1.0,0.17221418234442837,LP002226,1.0,1.0,0.0,0,0,0,0.05519243822117197,0.07787205481647701,0,0,0,1,0,1,0,0,1,0
1,1.0,0.4153400868306802,LP002229,1.0,0.0,0.0,0,0,0,0.10974383468664371,0.05632616107051113,0,0,0,1,0,1,0,0,1,0
1,0.0,0.21273516642547033,LP002231,1.0,0.0,0.0,0,0,0,0.05729153573493552,0.06419914434019258,0,0,0,1,0,1,0,0,0,1
1,1.0,0.17221418234442837,LP002234,1.0,0.0,1.0,0,0,0,0.07196007943889993,0.09791733450873538,0,0,0,1,0,1,0,0,0,1
1,1.0,0.1316931982633864,LP002236,0.0,1.0,0.0,0,1,0,0.039266949898187485,0.07804455842282416,0,0,0,1,0,1,0,0,0,1
1,1.0,0.15050651230101303,LP002237,1.0,0.0,0.0,1,0,0,0.027967017773196913,0.05263919365339636,0,0,1,0,0,1,0,0,0,1
0,1.0,0.17800289435600578,LP002239,1.0,0.0,0.0,0,0,0,0.03147389326026295,0.04772035145492431,0,0,0,1,0,1,0,0,1,0
0,1.0,0.507959479015919,LP002243,0.0,1.0,0.0,0,0,0,0.05912667487870484,0.023059250948335743,0,0,0,1,1,0,0,0,0,1
1,1.0,0.1837916063675832,LP002244,1.0,1.0,0.0,0,0,0,0.04157972799718444,0.057399847260590414,0,0,0,1,0,1,0,0,0,1
1,1.0,0.1678726483357453,LP002250,1.0,1.0,0.0,0,0,0,0.05085597928555268,0.07466709408559065,0,0,0,1,0,1,0,1,0,0
1,1.0,0.25470332850940663,LP002255,1.0,0.0,0.0,0,0,1,0.09709897181930165,0.08552912585610133,0,0,0,1,0,1,0,1,0,0
1,1.0,0.3849493487698987,LP002262,1.0,1.0,0.0,0,0,1,0.10133487518539933,0.05669498317037988,0,0,0,1,0,1,0,1,0,0
1,1.0,0.16063675832127353,LP002263,1.0,1.0,0.0,0,0,0,0.040926116795294,0.06552332104503927,0,0,0,1,0,0,1,0,0,1
0,1.0,0.15050651230101303,LP002265,1.0,1.0,0.0,0,1,0,0.027351114909877072,0.05180515938139622,0,0,1,0,0,1,0,0,1,0
1,1.0,0.15050651230101303,LP002266,1.0,1.0,0.0,0,1,0,0.038437366449634226,0.06681777627739867,0,0,0,1,0,1,0,0,0,1
1,1.0,0.18234442836468887,LP002272,1.0,1.0,0.0,0,1,0,0.029135976268885592,0.043792630585385836,0,0,0,1,0,0,1,0,1,0
1,0.0,0.08972503617945007,LP002277,0.0,0.0,0.0,0,0,0,0.021845697478569095,0.07636877524160833,0,0,0,1,1,0,0,0,0,1
1,1.0,0.12445730824891461,LP002281,1.0,1.0,0.0,0,0,0,0.03833681088011262,0.08116854084240896,0,0,0,1,0,1,0,0,0,1
0,1.0,0.1447178002894356,LP002284,1.0,0.0,0.0,0,0,0,0.051861534980768745,0.08847424678443234,0,0,0,1,0,1,0,1,0,0
1,0.0,0.13603473227206947,LP002287,0.0,0.0,0.0,0,0,0,0.023354031021393197,0.05184581173545051,0,0,0,1,1,0,0,0,1,0
0,1.0,0.05209840810419682,LP002288,0.0,1.0,0.0,0,1,0,0.018187988637220643,0.1137041192498798,0,0,1,0,1,0,0,0,0,1
0,1.0,0.08104196816208394,LP002296,0.0,0.0,0.0,0,0,0,0.01650368284773373,0.0717447322672519,0,0,1,0,0,1,0,1,0,0
1,1.0,0.13603473227206947,LP002297,1.0,0.0,0.0,0,0,0,0.2646873978732497,0.41037974407773214,0,0,0,1,0,1,0,0,1,0
0,0.0,0.06367583212735166,LP002300,1.0,0.0,0.0,0,0,0,0.006548681465094648,0.061460623527597256,0,0,0,1,0,1,0,0,1,0
1,0.0,0.26772793053545585,LP002301,0.0,0.0,1.0,0,0,0,0.07540410769501496,0.06399551871086928,0,0,0,1,0,1,0,1,0,0
1,0.0,0.15340086830680175,LP002305,1.0,0.0,0.0,0,0,0,0.03902813042057367,0.0662717687477787,0,0,0,1,0,1,0,0,1,0
0,1.0,0.15340086830680175,LP002308,1.0,1.0,0.0,0,0,0,0.039279519344377685,0.06660627051436616,0,0,0,1,0,1,0,0,0,1
0,0.0,0.0824891461649783,LP002314,1.0,0.0,0.0,0,0,0,0.009691043012644862,0.05471447930175291,0,0,0,1,0,1,0,1,0,0
1,1.0,0.20694645441389292,LP002315,0.0,1.0,0.0,1,0,0,0.0862012619723975,0.09524974481403059,0,0,1,0,1,0,0,0,1,0
1,1.0,0.507959479015919,LP002317,0.0,1.0,0.0,0,0,1,1.0,0.4229844526366405,0,0,0,1,1,0,0,1,0,0
0,0.0,0.07670043415340087,LP002318,0.0,0.0,1.0,1,0,0,0.030480907011237086,0.11018618575143865,0,0,0,1,0,1,0,0,1,0
1,1.0,0.21852387843704776,LP002319,1.0,1.0,0.0,0,0,0,0.060509313959626936,0.06542715178714538,0,0,0,1,0,0,1,0,0,1
0,1.0,0.3024602026049204,LP002328,0.0,1.0,0.0,0,0,0,0.0584982025691948,0.04400699359312758,0,0,0,1,1,0,0,1,0,0
0,1.0,0.14616497829232997,LP002332,1.0,1.0,0.0,0,0,0,0.035747504964931245,0.0651648719928893,0,0,0,1,0,1,0,1,0,0
0,0.0,0.24457308248914617,LP002335,0.0,1.0,0.0,0,0,0,0.049573895774152194,0.0484214014418185,0,0,0,1,1,0,0,0,1,0
1,0.0,0.07380607814761216,LP002337,1.0,0.0,0.0,0,0,0,0.019520349933381934,0.08623176791152427,0,0,0,1,0,1,0,0,0,1
1,0.0,0.21852387843704776,LP002341,0.0,0.0,0.0,1,0,0,0.014555418688252596,0.021477800929636165,0,0,0,1,0,1,0,0,0,1
1,1.0,0.33285094066570187,LP002342,0.0,1.0,1.0,0,1,0,0.25337489630206894,0.1640517436210744,0,0,0,1,0,1,0,0,0,1
1,1.0,0.14905933429811866,LP002345,1.0,1.0,0.0,0,0,0,0.029613615224113224,0.055446156664300604,0,0,0,1,0,1,0,1,0,0
1,1.0,0.18668596237337193,LP002347,1.0,1.0,0.0,0,0,0,0.04048618617863697,0.05521369784734176,0,0,0,1,0,1,0,0,1,0
1,1.0,0.18668596237337193,LP002348,1.0,1.0,0.0,0,0,0,0.055142160436411174,0.07146490867404894,0,0,0,1,0,1,0,1,0,0
0,0.0,0.10274963820549927,LP002357,0.0,0.0,0.0,0,0,0,0.0160637522310767,0.05561788748196827,0,0,0,0,1,0,0,0,0,1
1,1.0,0.1316931982633864,LP002361,1.0,1.0,0.0,0,0,0,0.0263581286608512,0.0582913928514185,0,0,0,1,0,1,0,0,0,1
1,1.0,0.14616497829232997,LP002362,0.0,1.0,0.0,1,0,0,0.09395661027175142,0.14613938713954744,0,0,0,0,1,0,0,0,0,1
1,1.0,0.12590448625180897,LP002364,1.0,1.0,0.0,0,0,0,0.16890821790391916,0.28834749158518996,0,0,0,1,0,1,0,0,1,0
1,1.0,0.16208393632416787,LP002366,1.0,1.0,0.0,0,0,0,0.06943362075466955,0.10095255252550274,0,0,0,1,0,1,0,1,0,0
0,0.0,0.10419681620839363,LP002367,0.0,0.0,0.0,1,0,0,0.03976972774579552,0.09959454565962018,0,0,0,1,0,1,0,1,0,0
1,1.0,0.17945007235890015,LP002368,1.0,1.0,0.0,0,1,0,0.05647452173257246,0.07605204709160303,0,0,0,1,0,1,0,0,1,0
1,1.0,0.11287988422575977,LP002369,1.0,1.0,0.0,0,0,0,0.018780260952261246,0.055134167187270294,0,0,0,1,0,1,0,1,0,0
0,1.0,0.07380607814761216,LP002370,1.0,0.0,0.0,0,0,0,0.016026043892506097,0.07732008334669017,0,0,1,0,0,1,0,0,0,1
1,0.0,0.2040520984081042,LP002377,1.0,0.0,1.0,1,0,0,0.09027376253802258,0.10080461612437891,0,0,0,1,0,1,0,0,1,0
1,1.0,0.1389290882778582,LP002379,0.0,0.0,0.0,0,0,0,0.06357625883003595,0.10928949236370297,0,0,0,1,1,0,0,1,0,0
1,1.0,0.573082489146165,LP002386,1.0,0.0,0.0,0,0,0,0.14371904773875663,0.051372192837171204,0,0,0,1,0,1,0,0,1,0
1,1.0,0.1939218523878437,LP002387,1.0,1.0,0.0,0,0,0,0.041768269690037454,0.054313213633617546,0,0,0,1,0,1,0,0,1,0
1,1.0,0.1316931982633864,LP002390,1.0,0.0,0.0,0,0,0,0.029010281806983583,0.06234973553454079,0,0,0,1,0,1,0,0,0,1
1,0.0,0.507959479015919,LP002393,1.0,0.0,0.0,0,0,0,0.1081600844666784,0.04390126622856228,0,0,1,0,0,1,0,0,1,0
1,1.0,0.059334298118668596,LP002398,1.0,0.0,0.0,0,0,0,0.029349656854119006,0.1355153069402148,0,0,0,1,0,1,0,0,1,0
1,1.0,0.507959479015919,LP002401,1.0,1.0,0.0,0,0,0,0.02383166997662083,0.008056846716888392,0,0,0,1,0,1,0,0,0,1
1,1.0,0.2575976845151954,LP002403,0.0,0.0,1.0,0,0,0,0.11279821011086251,0.09735637395613071,0,0,0,1,1,0,0,0,0,1
0,0.0,0.18668596237337193,LP002407,1.0,1.0,1.0,0,0,0,0.0716458432841449,0.08976494282110428,0,0,0,1,0,1,0,1,0,0
1,1.0,0.2575976845151954,LP002408,1.0,0.0,0.0,0,0,0,0.09153070715704266,0.07995333819608072,0,0,0,1,0,1,0,0,1,0
1,1.0,0.24746743849493488,LP002409,1.0,1.0,0.0,0,0,0,0.10422584780914552,0.09423518726291606,0,0,0,1,0,1,0,1,0,0
0,1.0,0.2011577424023155,LP002418,1.0,0.0,0.0,0,0,1,0.06609014806807612,0.07729495804507826,0,0,0,1,0,1,0,0,1,0
1,1.0,0.20694645441389292,LP002422,1.0,0.0,0.0,1,0,0,0.4559817994419166,0.46751334981145765,0,0,0,1,0,1,0,0,1,0
1,1.0,0.2402315484804631,LP002424,1.0,1.0,0.0,0,0,0,0.17878780260941704,0.16240423144734734,0,0,1,0,0,0,1,1,0,0
1,1.0,0.17510853835021709,LP002429,1.0,1.0,1.0,1,0,0,0.04064958897910958,0.059405476715943144,0,0,0,1,0,1,0,1,0,0
0,1.0,0.14616497829232997,LP002434,1.0,1.0,0.0,0,1,0,0.04034792227054476,0.07156449897273746,0,0,0,1,0,1,0,1,0,0
1,1.0,0.06657018813314038,LP002435,0.0,1.0,0.0,0,0,0,0.04365368661856758,0.1621034839499337,0,0,0,1,0,1,0,1,0,0
1,1.0,0.2040520984081042,LP002443,0.0,1.0,0.0,0,1,0,0.0453505618542447,0.05497675909600898,0,0,0,1,1,0,0,1,0,0
0,1.0,0.2619392185238784,LP002444,0.0,0.0,1.0,1,0,0,0.03606174111968627,0.033863389038391783,0,0,0,1,0,0,1,0,1,0
0,1.0,0.1678726483357453,LP002446,0.0,1.0,0.0,0,1,0,0.026672364815606225,0.045062349735534545,0,0,0,1,1,0,0,1,0,0
0,1.0,0.07380607814761216,LP002447,1.0,1.0,0.0,0,1,0,0.024786947887076097,0.09966340759737137,0,0,1,0,0,0,1,0,0,1
1,1.0,0.20260492040520983,LP002448,0.0,1.0,0.0,0,0,0,0.053281882400261445,0.0635566919926722,0,0,0,1,1,0,0,1,0,0
1,1.0,0.11722141823444283,LP002449,1.0,1.0,0.0,0,0,0,0.04408104778903441,0.09598760485120479,0,0,1,0,1,0,0,1,0,0
1,1.0,0.1085383502170767,LP002453,1.0,0.0,1.0,0,0,0,0.07092938485130346,0.15245117120417653,0,0,0,1,0,1,0,0,1,0
1,1.0,0.12590448625180897,LP002455,1.0,1.0,0.0,0,1,0,0.030380351441715477,0.06753886840839878,0,0,0,1,0,1,0,0,1,0
1,1.0,0.1577424023154848,LP002459,1.0,1.0,0.0,0,0,0,0.03593604665778426,0.06032855113134711,0,0,0,1,0,1,0,0,0,1
1,1.0,0.23733719247467439,LP002467,0.0,1.0,0.0,0,0,0,0.06077327232962116,0.060009431628568026,0,0,0,1,0,1,0,0,0,1
1,1.0,0.1837916063675832,LP002472,1.0,0.0,0.0,0,1,0,0.036602227305864904,0.05179940224206369,0,0,0,1,0,1,0,1,0,0
1,1.0,0.21852387843704776,LP002473,0.0,1.0,0.0,0,0,0,0.08662862314286432,0.09040711652508415,0,0,0,1,0,1,0,0,1,0
1,1.0,0.21852387843704776,LP002478,1.0,1.0,1.0,0,0,0,0.05937806380250886,0.06434524763583908,0,0,0,1,0,0,1,0,1,0
1,1.0,0.17221418234442837,LP002484,1.0,1.0,0.0,0,0,1,0.07916237210588502,0.10652748837954801,0,0,1,0,0,1,0,0,0,1
1,1.0,0.20839363241678727,LP002487,1.0,1.0,0.0,0,0,0,0.047273687121345435,0.05563045862679101,0,0,0,1,0,1,0,1,0,0
0,0.0,0.17800289435600578,LP002489,1.0,0.0,0.0,1,0,0,0.047122853767063023,0.065861370557636,0,0,0,1,0,1,0,0,1,0
1,1.0,0.1287988422575977,LP002493,0.0,0.0,0.0,0,0,0,0.03423917142210714,0.07198628770309214,0,0,0,1,1,0,0,0,1,0
1,1.0,0.18958031837916064,LP002494,1.0,0.0,0.0,0,0,0,0.05729153573493552,0.07265358459460078,0,0,0,1,0,1,0,1,0,0
0,1.0,0.08827785817655572,LP002500,0.0,1.0,0.0,0,0,1,0.039832574976746526,0.1169189201566185,0,0,1,0,1,0,0,0,0,1
1,1.0,0.14616497829232997,LP002501,1.0,1.0,0.0,0,0,0,0.1916840544005631,0.28208774716227836,0,0,0,1,0,1,0,0,1,0
0,0.0,0.1287988422575977,LP002502,1.0,1.0,0.0,0,1,0,0.021179516830488448,0.05159447975375437,0,0,0,1,0,1,0,0,1,0
1,1.0,0.14616497829232997,LP002505,0.0,1.0,0.0,0,0,0,0.067145981548053,0.10884320039633391,0,0,0,1,0,1,0,0,0,1
1,1.0,0.22141823444283648,LP002515,1.0,1.0,1.0,1,0,0,0.051371326579350916,0.0558672151876191,0,0,0,1,0,1,0,0,1,0
0,1.0,0.15050651230101303,LP002517,0.0,1.0,0.0,1,0,0,0.03407576862163453,0.06091145194303036,0,0,1,0,1,0,0,1,0,0
1,1.0,0.1316931982633864,LP002519,1.0,1.0,0.0,0,0,1,0.04083813067196259,0.0804487898701715,0,0,0,1,0,1,0,0,1,0
1,0.0,0.12156295224312591,LP002522,1.0,0.0,1.0,0,0,0,0.01329847406923251,0.04192669420761186,0,0,0,1,0,0,1,0,0,1
1,1.0,0.22141823444283648,LP002524,1.0,0.0,0.0,0,1,0,0.10983182080997511,0.11108736561533485,0,0,0,1,0,1,0,1,0,0
1,1.0,0.2040520984081042,LP002527,1.0,1.0,1.0,0,1,0,0.20233037532366324,0.21511780734092004,0,0,0,1,0,1,0,1,0,0
1,1.0,0.31982633863965265,LP002529,1.0,1.0,0.0,0,1,0,0.08808667890092763,0.06088629030572069,0,0,1,0,0,1,0,0,1,0
1,1.0,0.17800289435600578,LP002530,0.0,1.0,0.0,0,1,0,0.04151688076623344,0.05936266009995775,0,0,0,1,1,0,0,0,1,0
1,1.0,0.11143270622286541,LP002531,1.0,1.0,1.0,1,0,0,0.21965107217376004,0.4133004320161624,0,0,0,1,0,1,0,0,1,0
1,1.0,0.507959479015919,LP002533,0.0,1.0,0.0,0,1,0,0.039065838759144274,0.014532243415077205,0,0,0,1,0,1,0,0,0,1
0,0.0,0.2098408104196816,LP002534,1.0,0.0,0.0,0,0,0,0.0365519495211041,0.04455217806716445,0,0,0,1,0,1,0,1,0,0
0,1.0,0.15050651230101303,LP002536,1.0,1.0,0.0,0,0,1,0.02077729455240202,0.042903120110864154,0,0,0,1,0,1,0,1,0,0
1,1.0,0.17221418234442837,LP002537,1.0,1.0,0.0,0,0,0,0.04765077050705146,0.0688561868889245,0,0,0,1,0,1,0,0,1,0
1,1.0,0.3256150506512301,LP002541,1.0,1.0,0.0,0,0,0,0.11803966917217627,0.07926566141023586,0,0,0,1,0,1,0,0,1,0
1,1.0,0.3429811866859624,LP002543,1.0,1.0,0.0,0,1,0,0.08661605369667412,0.05537550967752025,0,0,0,1,0,1,0,0,1,0
0,1.0,0.17655571635311143,LP002544,1.0,1.0,0.0,1,0,0,0.03710500515347294,0.0547369477150013,0,0,0,1,0,1,0,1,0,0
1,1.0,0.10274963820549927,LP002545,0.0,0.0,0.0,0,1,0,0.02645868423037281,0.07550088155153069,0,0,0,1,1,0,0,1,0,0
1,1.0,0.7105643994211288,LP002547,0.0,1.0,0.0,1,0,0,0.21231051559868272,0.060745632312870654,0,0,0,1,0,1,0,0,0,1
1,1.0,0.21852387843704776,LP002555,1.0,1.0,1.0,0,1,0,0.0656627868976093,0.0703558262542074,0,0,0,1,0,1,0,0,1,0
1,1.0,0.0955137481910275,LP002556,0.0,0.0,0.0,0,0,0,0.012481460066869454,0.05266869690655555,0,0,0,1,0,1,0,0,0,1
0,1.0,0.12590448625180897,LP002560,1.0,0.0,0.0,0,0,0,0.050805701500791875,0.1000961692578939,0,0,0,1,0,0,1,0,1,0
0,1.0,0.25615050651230103,LP002562,1.0,1.0,0.0,1,0,0,0.06312375876718872,0.05706559674058601,0,0,0,1,0,0,1,0,0,1
0,1.0,0.14616497829232997,LP002571,1.0,0.0,0.0,0,0,0,0.028268684481761733,0.054761106820731764,0,0,0,1,0,1,0,1,0,0
0,0.0,0.3125904486251809,LP002582,1.0,0.0,1.0,0,0,0,0.1988612081751678,0.13779344980499014,0,0,0,1,0,1,0,0,1,0
1,1.0,0.15918958031837915,LP002585,0.0,1.0,0.0,0,0,0,0.05419945197214611,0.08322412151268585,0,0,0,1,1,0,0,1,0,0
1,0.0,0.1389290882778582,LP002586,1.0,1.0,0.0,1,0,0,0.035156740993991804,0.06787259863073296,0,1,0,0,0,1,0,0,1,0
0,1.0,0.14182344428364688,LP002587,1.0,1.0,0.0,0,0,0,0.03592347721159406,0.0675177096736986,0,0,0,1,0,1,0,1,0,0
1,1.0,0.1476121562952243,LP002588,1.0,1.0,0.0,0,0,0,0.0759194549888132,0.11986934843161802,1,0,0,0,0,0,1,0,0,1
1,1.0,0.12445730824891461,LP002600,1.0,1.0,1.0,1,0,0,0.01826340531436185,0.04883542403050422,0,0,0,1,0,1,0,0,1,0
1,1.0,0.2894356005788712,LP002602,0.0,0.0,0.0,0,0,0,0.11635536338268936,0.08868354715783032,0,0,0,1,1,0,0,1,0,0
1,0.0,0.15050651230101303,LP002603,1.0,0.0,0.0,0,0,0,0.03627542170491968,0.06389014577160226,0,0,0,1,0,1,0,1,0,0
1,0.0,0.1316931982633864,LP002606,1.0,0.0,0.0,0,0,0,0.021581739108574877,0.05098252925148262,0,0,0,1,0,1,0,0,1,0
1,1.0,0.28798842257597684,LP002615,1.0,1.0,0.0,0,1,0,0.11371577968274718,0.08721503692652915,0,0,0,1,0,1,0,0,1,0
0,1.0,0.18668596237337193,LP002618,0.0,1.0,0.0,1,0,0,0.0994243193644888,0.12056698049436573,0,0,0,1,0,0,1,1,0,0
0,1.0,0.16642547033285093,LP002619,1.0,1.0,0.0,0,0,0,0.04845521506322432,0.07238546293088739,0,0,1,0,0,1,0,0,1,0
1,1.0,0.3386396526772793,LP002622,1.0,1.0,0.0,0,1,0,0.08150028909726237,0.05295839195502604,0,0,0,1,0,1,0,1,0,0
1,1.0,0.6816208393632417,LP002624,1.0,1.0,0.0,0,0,0,0.327534628824254,0.10041673345087354,0,0,0,1,0,0,1,0,0,1
1,1.0,0.12590448625180897,LP002625,0.0,0.0,0.0,0,0,0,0.02691118429322004,0.06200913607949991,0,0,0,1,0,1,0,0,0,1
1,1.0,0.2590448625180897,LP002626,1.0,1.0,1.0,0,0,0,0.05090625707031348,0.04641019257723381,0,0,0,1,0,1,0,0,0,1
1,0.0,0.04486251808972504,LP002634,1.0,0.0,0.0,1,0,0,0.14857085396817415,0.6279211412085272,0,0,0,1,0,1,0,0,0,1
0,1.0,0.1316931982633864,LP002637,0.0,0.0,0.0,0,0,0,0.04327660323286156,0.08418015707645457,0,0,0,1,0,1,0,1,0,0
1,1.0,0.34876989869753977,LP002640,1.0,1.0,0.0,1,0,0,0.0832977199024611,0.05230197146978684,0,0,0,1,0,1,0,0,1,0
1,1.0,0.2011577424023155,LP002643,1.0,1.0,0.0,0,1,0,0.048719173433218535,0.05933469934111064,0,0,0,1,0,1,0,0,0,1
1,1.0,0.08827785817655572,LP002648,0.0,1.0,0.0,0,0,0,0.09243570728273712,0.23190987566688803,0,0,1,0,0,1,0,0,1,0
1,1.0,0.4370477568740955,LP002652,0.0,0.0,0.0,0,0,0,0.10104577792302472,0.048858209097529345,0,0,0,1,0,1,0,1,0,0
1,1.0,0.2040520984081042,LP002659,1.0,1.0,0.0,0,0,1,0.06852862062897509,0.07862157397018753,0,0,0,1,0,1,0,1,0,0
1,0.0,0.15050651230101303,LP002670,1.0,1.0,0.0,0,1,0,0.02791673998843611,0.052571109223029,0,0,0,1,0,1,0,0,1,0
0,1.0,0.1649782923299566,LP002682,0.0,1.0,0.0,0,0,0,0.04313833932476935,0.06643888365474454,0,0,0,1,1,0,0,0,1,0
1,1.0,0.25470332850940663,LP002683,0.0,0.0,0.0,0,0,0,0.06480806455667563,0.0588200638529217,0,0,0,1,0,1,0,0,1,0
0,0.0,0.12445730824891461,LP002684,0.0,0.0,0.0,0,0,0,0.024610975640413285,0.05905973460659182,0,0,0,1,0,1,0,1,0,0
0,1.0,0.05209840810419682,LP002689,1.0,1.0,0.0,0,1,0,0.03132305990598054,0.15836939680504356,0,0,0,1,0,1,0,0,1,0
1,1.0,0.06657018813314038,LP002690,1.0,0.0,0.0,0,0,0,0.01329847406923251,0.07764939019947835,0,0,0,1,0,1,0,0,1,0
1,1.0,0.1316931982633864,LP002692,1.0,1.0,1.0,0,0,1,0.07113049599034667,0.12680237217502807,0,0,0,1,0,1,0,1,0,0
1,1.0,0.6816208393632417,LP002693,1.0,1.0,1.0,0,1,0,0.17184946831242615,0.050785382272800134,0,0,0,1,0,1,0,1,0,0
1,1.0,0.507959479015919,LP002697,0.0,0.0,0.0,0,0,0,0.06693230096281957,0.026377090345675057,0,0,0,1,0,1,0,0,1,0
1,1.0,0.5658465991316932,LP002699,1.0,1.0,1.0,0,1,0,0.2018401669222454,0.07437089277127745,0,0,0,1,0,1,0,1,0,0
1,1.0,0.14616497829232997,LP002705,1.0,1.0,0.0,0,0,0,0.029324517961738607,0.05622987366856578,0,0,0,1,0,1,0,0,1,0
0,1.0,0.2199710564399421,LP002706,1.0,1.0,0.0,1,0,0,0.06627868976092913,0.07044348363679082,0,0,0,1,1,0,0,0,1,0
0,1.0,0.12301013024602026,LP002714,1.0,0.0,0.0,1,0,0,0.03191382387691998,0.07168019970467171,0,0,0,1,0,1,0,0,1,0
0,1.0,0.17510853835021709,LP002716,1.0,0.0,0.0,0,0,0,0.06713341210186279,0.09057911154400976,0,0,0,1,0,1,0,0,1,0
1,1.0,0.2995658465991317,LP002717,1.0,1.0,0.0,0,0,0,0.06389049498479098,0.048325052091681364,0,0,0,1,0,0,1,1,0,0
1,1.0,0.1316931982633864,LP002720,1.0,1.0,0.0,0,0,1,0.03568465773398024,0.07256291072287226,0,0,0,1,0,1,0,0,0,1
1,1.0,0.14616497829232997,LP002723,0.0,0.0,0.0,0,1,0,0.026974031524171046,0.0529601189001734,0,0,0,1,1,0,0,1,0,0
1,1.0,0.2706222865412446,LP002729,0.0,0.0,0.0,1,0,0,0.12328112823349004,0.10062117490047791,0,0,0,1,0,0,1,0,1,0
0,0.0,0.1678726483357453,LP002731,1.0,0.0,1.0,0,0,0,0.21019884863872898,0.2697291232569322,0,0,0,1,0,1,0,0,0,1
0,1.0,0.16931982633863965,LP002732,1.0,0.0,0.0,0,0,0,0.03959375549913271,0.06031949564566971,0,0,0,1,0,1,0,1,0,0
1,1.0,0.4558610709117221,LP002734,1.0,1.0,0.0,0,0,0,0.1080595288971568,0.04981805013861433,0,0,0,1,0,1,0,0,0,1
1,1.0,0.14182344428364688,LP002738,1.0,0.0,0.0,0,1,0,0.02733854546368687,0.05524040067528196,0,0,0,1,0,1,0,0,1,0
0,1.0,0.0824891461649783,LP002739,0.0,1.0,0.0,0,0,0,0.02527715628849393,0.09085080651036734,0,0,0,1,0,1,0,1,0,0
1,1.0,0.2141823444283647,LP002740,1.0,1.0,0.0,0,0,1,0.06253299479624928,0.06883656636954925,0,0,1,0,0,1,0,1,0,0
1,0.0,0.18958031837916064,LP002741,1.0,1.0,0.0,1,0,0,0.07555494104929737,0.09261557484029034,0,0,1,0,0,1,0,0,1,0
1,0.0,0.13024602026049203,LP002743,0.0,0.0,0.0,0,0,0,0.008748334548379798,0.0317601402711196,0,0,0,1,1,0,0,0,1,0
1,0.0,0.12445730824891461,LP002753,1.0,0.0,0.0,1,0,0,0.0277784760803439,0.0641617668148573,0,0,0,1,0,1,0,0,1,0
0,1.0,0.17221418234442837,LP002755,1.0,1.0,0.0,1,0,0,0.041743130797657055,0.06179375701234172,0,0,0,1,0,1,0,0,0,1
0,0.0,0.1345875542691751,LP002757,1.0,1.0,0.0,0,0,0,0.028130420573669525,0.05961551153559677,0,0,0,1,0,0,1,0,1,0
1,1.0,0.21128798842257598,LP002767,1.0,1.0,0.0,0,0,0,0.04117750571909801,0.04876815453262258,0,0,0,1,0,1,0,1,0,0
0,1.0,0.10274963820549927,LP002768,0.0,0.0,0.0,0,0,0,0.024083058900424847,0.07095688411604424,1,0,0,0,0,1,0,0,1,0
1,1.0,0.19681620839363242,LP002772,1.0,0.0,0.0,0,0,0,0.03603660222730586,0.047380493116160306,0,0,0,1,0,1,0,1,0,0
1,0.0,0.13603473227206947,LP002776,0.0,0.0,0.0,0,0,0,0.04472208954473466,0.08359100366159004,0,0,0,1,1,0,0,0,1,0
1,1.0,0.14616497829232997,LP002777,1.0,1.0,0.0,0,0,0,0.04222076975288469,0.07416981159568113,0,0,0,1,0,1,0,1,0,0
1,1.0,0.507959479015919,LP002778,0.0,1.0,1.0,0,1,0,0.06524799517333266,0.02566116364802052,0,0,0,1,1,0,0,1,0,0
0,1.0,0.507959479015919,LP002784,1.0,1.0,0.0,1,0,0,0.04305035320143794,0.016225890901319654,0,0,0,1,0,1,0,1,0,0
1,1.0,0.21562952243125905,LP002785,1.0,1.0,0.0,1,0,0,0.06461952286382262,0.07035978258443722,0,0,0,1,0,1,0,0,0,1
0,1.0,0.24891461649782923,LP002788,0.0,1.0,0.0,0,0,0,0.04204479750622188,0.041091547643189036,0,0,0,1,1,0,0,0,0,1
1,1.0,0.17800289435600578,LP002789,0.0,1.0,0.0,0,0,0,0.08065813620251892,0.10473706450625829,0,0,1,0,1,0,0,1,0,0
1,1.0,0.024602026049204053,LP002792,1.0,1.0,0.0,1,0,0,0.06357625883003595,0.4710690815835871,0,0,0,1,0,1,0,0,1,0
1,0.0,0.1085383502170767,LP002794,1.0,0.0,0.0,0,0,0,0.03582292164207245,0.08849861470473748,0,0,0,1,0,0,1,0,0,1
1,1.0,0.36324167872648333,LP002795,1.0,1.0,1.0,0,0,1,0.10931647351617688,0.06522741563613497,0,0,0,1,0,1,0,0,1,0
1,1.0,0.22141823444283648,LP002798,1.0,1.0,0.0,0,0,0,0.0642801478166872,0.06806052726873371,0,0,0,1,0,1,0,0,1,0
1,0.0,0.2503617945007236,LP002804,1.0,1.0,0.0,0,0,0,0.06340028658337314,0.05876716647673532,0,0,0,1,0,1,0,0,1,0
0,1.0,0.14327062228654125,LP002807,1.0,1.0,0.0,0,1,0,0.031109379320747126,0.059981122330857874,0,0,0,1,0,1,0,0,1,0
1,0.0,0.8552821997105644,LP002813,1.0,1.0,1.0,1,0,0,0.22677794816360392,0.052681519474274734,0,0,0,1,0,1,0,0,1,0
1,1.0,0.29232995658465993,LP002820,1.0,1.0,0.0,0,0,0,0.08214133085296262,0.0629376897652665,0,0,0,1,0,1,0,1,0,0
0,1.0,0.17800289435600578,LP002821,1.0,0.0,1.0,0,0,0,0.054777646496895344,0.07473517026329977,0,0,0,1,0,1,0,0,1,0
1,1.0,0.36034732272069464,LP002832,0.0,1.0,0.0,0,1,0,0.09247341562130773,0.055819171975234554,0,0,0,1,1,0,0,0,0,1
0,1.0,0.16063675832127353,LP002833,1.0,1.0,0.0,0,0,0,0.038022574725357604,0.06182080461612438,0,0,0,1,0,0,1,1,0,0
1,1.0,0.08827785817655572,LP002836,1.0,0.0,0.0,0,0,0,0.023768822745669826,0.08180340255993405,0,0,0,1,0,1,0,0,0,1
1,1.0,0.1649782923299566,LP002837,0.0,1.0,0.0,0,0,1,0.05603459111591543,0.08248273058143309,0,0,0,1,1,0,0,1,0,0
1,0.0,0.0,LP002840,0.0,0.0,0.0,0,0,0,0.011765001634028004,0.49842389271785015,0,0,0,1,0,1,0,0,0,1
1,1.0,0.13748191027496381,LP002841,0.0,1.0,0.0,0,0,0,0.04761306216848086,0.08694687264970964,0,0,0,1,1,0,0,0,0,1
1,1.0,0.25615050651230103,LP002842,1.0,1.0,0.0,1,0,0,0.0468211870584982,0.04365360453753445,0,0,0,1,0,1,0,0,0,1
1,1.0,0.22575976845151954,LP002847,0.0,1.0,0.0,0,0,0,0.06441841172477941,0.06677352139765988,0,0,0,1,1,0,0,0,0,1
1,1.0,0.3849493487698987,LP002855,1.0,1.0,0.0,0,1,0,0.19135724879961788,0.1067869268093663,0,0,0,1,0,1,0,0,0,1
0,1.0,0.2575976845151954,LP002862,0.0,1.0,0.0,0,1,0,0.07928806656778703,0.06993527860371151,0,0,0,1,0,1,0,0,1,0
1,1.0,0.2040520984081042,LP002863,0.0,1.0,0.0,0,0,1,0.06239473088815707,0.07236416092322487,0,0,0,1,0,1,0,0,1,0
1,1.0,0.14327062228654125,LP002868,1.0,1.0,0.0,0,1,0,0.027376253802257472,0.054691813146693746,0,1,0,0,0,1,0,0,0,1
1,1.0,0.1837916063675832,LP002872,0.0,1.0,0.0,0,0,0,0.04845521506322432,0.06513581550587857,0,0,0,1,1,0,0,0,1,0
1,1.0,0.14616497829232997,LP002874,1.0,0.0,0.0,0,0,0,0.05688931345684909,0.09457517958880357,0,0,0,1,0,1,0,0,0,1
1,1.0,0.14182344428364688,LP002877,1.0,1.0,0.0,1,0,0,0.03232861560119661,0.06237669887787554,0,0,0,1,0,1,0,1,0,0
1,1.0,0.2199710564399421,LP002888,1.0,0.0,0.0,0,0,0,0.0585359109077654,0.0630844447718668,0,0,0,1,0,1,0,0,0,1
1,1.0,0.28364688856729375,LP002892,1.0,1.0,0.0,0,1,0,0.06407903667764399,0.05158346983373665,0,0,0,1,0,1,0,0,1,0
1,1.0,0.11722141823444283,LP002893,0.0,0.0,0.0,0,0,0,0.4302647125367656,0.7525885558583107,0,0,0,1,0,1,0,0,0,1
1,0.0,0.03907380607814761,LP002894,1.0,1.0,0.0,0,0,0,0.021669725231906283,0.15937383127637977,0,0,0,1,0,1,0,0,1,0
1,1.0,0.07525325615050651,LP002898,0.0,1.0,0.0,1,0,0,0.005505417431307977,0.04950089206183211,0,0,0,1,0,0,1,1,0,0
1,1.0,0.19826338639652677,LP002911,0.0,1.0,0.0,1,0,0,0.0410015334724352,0.05219268103643235,0,0,0,1,1,0,0,1,0,0
1,1.0,0.23589001447178004,LP002912,0.0,1.0,0.0,1,0,0,0.07341813519696322,0.07166473458403068,0,1,0,0,0,1,0,1,0,0
1,1.0,0.13748191027496381,LP002916,1.0,1.0,0.0,0,0,0,0.029877573594107445,0.060851714401962846,0,0,0,1,0,1,0,0,0,1
0,0.0,0.08827785817655572,LP002917,1.0,0.0,0.0,0,0,0,0.009087709595515222,0.04971034735420054,0,0,0,1,0,1,0,0,1,0
1,1.0,0.12301013024602026,LP002925,1.0,0.0,0.0,0,0,0,0.04157972799718444,0.08741512721965126,0,0,0,1,0,1,0,0,1,0
1,1.0,0.14037626628075253,LP002926,0.0,1.0,1.0,0,1,0,0.016139168908217903,0.03968645192897991,0,0,0,1,1,0,0,0,1,0
1,1.0,0.06801736613603473,LP002928,1.0,1.0,0.0,0,0,0,0.06252042535005907,0.21058777734527057,0,0,1,0,0,1,0,0,1,0
1,1.0,0.28364688856729375,LP002931,0.0,1.0,1.0,0,1,0,0.05729153573493552,0.046516991856887645,0,0,1,0,0,1,0,0,1,0
1,1.0,0.40955137481910275,LP002933,1.0,0.0,1.0,0,0,1,0.09948716659543981,0.05185674732735093,0,0,0,1,0,1,0,0,1,0
1,1.0,0.19247467438494936,LP002936,1.0,1.0,0.0,0,0,0,0.07185952386937831,0.08719120299614647,0,0,1,0,0,1,0,1,0,0
1,1.0,0.36324167872648333,LP002938,1.0,1.0,1.0,0,0,0,0.1844943311797682,0.10947267190254849,0,0,0,1,0,1,0,0,0,1
0,1.0,0.14616497829232997,LP002940,1.0,0.0,0.0,0,0,0,0.030053545840770256,0.05724402220635592,0,0,0,1,0,1,0,1,0,0
0,1.0,0.2575976845151954,LP002941,0.0,1.0,1.0,0,1,0,0.07467507981598331,0.06616050666284962,0,0,0,1,0,1,0,1,0,0
1,1.0,0.11432706222865413,LP002943,0.0,0.0,0.0,0,0,0,0.019419794363860328,0.055508604234361575,0,0,0,1,1,0,0,0,1,0
1,1.0,0.24746743849493488,LP002945,1.0,1.0,1.0,0,0,0,0.10710425098670152,0.09668216060266069,0,0,0,1,0,1,0,1,0,0
1,1.0,0.26483357452966716,LP002948,1.0,1.0,0.0,0,1,0,0.05452625757309133,0.048124699471069086,0,0,0,1,0,1,0,0,0,1
1,0.0,0.4934876989869754,LP002949,0.0,0.0,0.0,0,0,1,0.5108348626159531,0.22148512811119,0,0,1,0,0,0,1,0,0,1
0,1.0,0.21128798842257598,LP002950,1.0,1.0,0.0,0,0,0,0.05334472963121245,0.06078000506698242,0,0,0,1,0,1,0,1,0,0
1,1.0,0.17221418234442837,LP002953,1.0,1.0,0.0,0,0,1,0.05355841021644586,0.07591861676550729,0,0,0,1,0,1,0,0,0,1
1,1.0,0.23589001447178004,LP002958,1.0,0.0,0.0,0,0,0,0.08214133085296262,0.0794253700466309,0,0,0,1,0,1,0,1,0,0
1,0.0,0.7047756874095513,LP002959,1.0,1.0,0.0,1,0,0,0.13270821287614068,0.036756303998262754,0,0,0,1,0,1,0,0,1,0
0,1.0,0.507959479015919,LP002960,0.0,1.0,0.0,0,0,0,0.05980542497297569,0.02334775872201742,0,0,1,0,0,1,0,0,0,1
1,1.0,0.23733719247467439,LP002961,1.0,1.0,0.0,1,0,0,0.05603459111591543,0.055818008481053824,0,0,0,1,0,1,0,0,1,0
0,1.0,0.2141823444283647,LP002964,1.0,1.0,0.0,0,1,0,0.0497247291284346,0.056352939134660454,0,0,0,1,0,1,0,1,0,0
1,1.0,0.14327062228654125,LP002974,1.0,1.0,0.0,0,0,0,0.04700972875135122,0.08250966144859397,0,0,0,1,0,1,0,1,0,0
1,0.0,0.08972503617945007,LP002978,1.0,0.0,0.0,0,0,0,0.018326252545312855,0.06878359433730125,0,0,0,1,0,1,0,1,0,0
1,1.0,0.04486251808972504,LP002979,1.0,1.0,0.0,0,0,1,0.033485004650695094,0.18765827857028372,0,0,1,0,0,1,0,1,0,0
1,1.0,0.35311143270622286,LP002983,1.0,1.0,0.0,1,0,0,0.08635209532667991,0.053413216747641865,0,0,0,1,0,1,0,0,0,1
1,1.0,0.2575976845151954,LP002984,1.0,1.0,0.0,0,1,0,0.07718896905402348,0.06821760308838744,0,0,0,1,0,1,0,0,0,1
1,0.0,0.17945007235890015,LP002990,0.0,0.0,1.0,0,0,0,0.0394806304834209,0.056500041576934806,0,0,0,1,1,0,0,0,1,0
